t,y,true_regime,filtered_prob_high,smoothed_prob_high
0,-0.12791603567041168,0,0.07379271752218615,0.02078885619501783
1,-0.37109604699871834,0,0.038503035908120445,0.011406206533554722
2,0.46217887859371704,0,0.03575179818162758,0.010462593003180328
3,0.01730593709262781,0,0.022747285392115162,0.009874898488482277
4,-0.14139787457378503,0,0.019918476134019435,0.02059703428094956
5,-0.05309096531128813,0,0.018901190696650298,0.06855030842959148
6,0.44624403681233227,1,0.02795944915642586,0.2751654215280192
7,1.2336283993795596,1,0.26905760578167354,0.8571078957080583
8,-1.9994244573387627,1,0.9882717858893645,0.9992737536154511
9,-2.0831752652425437,1,0.9994820452217871,0.9999676259841384
10,2.20935843080506,1,0.9998947461267462,0.9997387668897056
11,-0.8246737444094612,1,0.7927705235176371,0.547691672023353
12,-0.708421046298437,0,0.5442557649194267,0.23448218012756628
13,0.22190635469155232,0,0.215816553586445,0.06982849760012504
14,0.23168490301634345,0,0.0795466944735179,0.027881908718348968
15,-0.7653576286283532,0,0.0805315862484079,0.02135266141282974
16,0.11474085773180315,0,0.03494069913611636,0.009486418083117185
17,0.3677915462141868,0,0.029780581859044572,0.007785018724654144
18,0.18719322585313153,0,0.023154428188069513,0.006536406774034802
19,0.31599074188069765,0,0.024401755061787784,0.007916488313831991
20,-0.7021345490453745,0,0.04239329183771808,0.011608793030282923
21,0.1655200774980978,0,0.026005754942793613,0.008494772658448797
22,-0.15130987973522328,0,0.020774040986609184,0.01199224821712952
23,-0.9655803174492896,1,0.08146921624902588,0.031865104091345145
24,0.43527780470986327,0,0.04940410064995632,0.027343161186209813
25,0.739637255337115,0,0.0717679897946789,0.039620949734833294
26,0.8971850273001795,0,0.13169210417258723,0.046908014743867035
27,0.6574039357529525,0,0.10345752386672966,0.028682885511924102
28,-0.05486709081509184,0,0.03943354642816859,0.012353425018368225
29,0.17636008151317153,0,0.025443635723900366,0.012246203404851864
30,0.38341143589212184,0,0.02742223414296655,0.025279409450237354
31,0.06058897464973098,0,0.021005862294979773,0.06470337739386915
32,0.26152837582308874,1,0.022364306795947718,0.23731064818876127
33,1.647506263752364,1,0.7489320609535834,0.8689018224642018
34,-0.11856529205186443,1,0.320399757994748,0.8222802024506117
35,-1.458573872747323,1,0.8032076692132236,0.9217291934177974
36,-0.828946131671717,1,0.6281908947998686,0.8856409251995118
37,1.2678207554674847,1,0.8652399055433282,0.890736922056973
38,0.005986582399911464,1,0.41407409880539003,0.7772088880787379
39,0.6804199537366757,1,0.2862669483966599,0.8220678324417506
40,1.3401584844043797,1,0.7446511533325371,0.9427023013807602
41,-0.7496829257952192,1,0.5287378595491273,0.941566529934641
42,1.5124963272596121,1,0.9417908861618811,0.9912389438507527
43,0.7576852069167889,1,0.7472674130190103,0.9797584230732654
44,-2.4696261738229572,1,0.9999360406649667,0.9999960932332813
45,2.8846095823724887,1,0.9999997777256608,0.9999999755190299
46,-1.0014894875138323,1,0.868513775690415,0.9908379488365584
47,-3.3101906863703676,1,0.9999999911530939,0.9999999994581271
48,-2.0900874191726047,1,0.9995366727617618,0.9999679274929633
49,-2.042090321356644,1,0.9993453890357281,0.9984809393454666
50,0.10434663731506694,1,0.5705212920015738,0.5768115209278494
51,-0.5477010110924744,1,0.29515456139928814,0.5004025661710162
52,-0.6736639352811857,1,0.1773330053498399,0.5351625897193099
53,1.2394039309649578,1,0.5293371688444956,0.670619569954473
54,0.6797507223854076,1,0.36663144351521193,0.6421670156639915
55,0.6320957412885725,1,0.23272157365690482,0.6752586198876777
56,0.8196569146573853,1,0.2308487385553893,0.7983928493103699
57,1.2322693360044765,1,0.5835276241470017,0.9582284705819902
58,-4.215906683554886,1,0.9999999999998448,0.9999999999999738
59,-0.7288765045289224,1,0.7488941818132093,0.9799313346805176
60,-4.360420128978948,1,0.9999999999999895,0.9999999999999888
61,0.07211985359559082,1,0.5678528961048676,0.8121993183174179
62,-0.00926594444869064,1,0.20834342304907819,0.8114190800559158
63,2.0910645495793605,1,0.9954387522898297,0.9997197508531754
64,2.3752687854422416,1,0.9999725064006991,0.9999808689748002
65,0.40555009650473467,1,0.6454034010829414,0.8814443186908006
66,-1.0007221547937997,1,0.631375200584176,0.8797648134111569
67,0.9703222250914757,1,0.6581097521569559,0.8816998422482253
68,-1.055835274648627,1,0.683611642561531,0.8761767930760529
69,-0.002785302886697798,1,0.2742958766153057,0.8598453164182401
70,1.9722726339215355,1,0.9918478457372251,0.9986926003201253
71,-1.1155426919788471,1,0.9051054705959715,0.9808703142118732
72,1.6113572784850019,1,0.9901266226549666,0.9641187351861056
73,0.3387006843461512,0,0.6107042425190434,0.30332258084777997
74,-0.47739590856541075,0,0.29659374402361544,0.10667919735555877
75,0.4869470641087005,0,0.1474898812039683,0.04299188451723868
76,0.34928317268575254,0,0.06560136581294031,0.016997146325624025
77,0.05096294368632872,0,0.03026768589427439,0.008045860289174303
78,-0.3811617290138261,0,0.026110877603129808,0.006965153226581109
79,-0.429603009287785,0,0.026486478461699152,0.006793927136414722
80,-0.2688312884515112,0,0.022396885994314417,0.0059219986561991
81,0.27129723164598,0,0.022977780768933254,0.0063657516881048225
82,-0.47781258370069896,0,0.027352522990030128,0.007461337416864485
83,0.21875612430993496,0,0.023129507760135032,0.007402883051426673
84,-0.6208777644391963,0,0.03518012423337223,0.011090879072710804
85,-0.10203429221942448,0,0.022648495328587287,0.01199355285594424
86,0.054823877287004316,0,0.019827619331073437,0.02855714713066756
87,1.2225650725294583,0,0.24102255639081124,0.10134089042239333
88,-0.6886578277601837,0,0.15188811507953828,0.05866510593273936
89,0.7360072832450667,0,0.13713946264167948,0.03734979816937384
90,0.07492120699364002,0,0.04935464098866631,0.01273972006110589
91,0.20558595900798157,0,0.028671052087968052,0.0072106528769455445
92,0.059173956694102255,0,0.02129500207819508,0.005586810734549777
93,0.2223634090976165,0,0.02160915106312653,0.006128892608587863
94,-0.07684255218100887,0,0.019338882265695297,0.007905223176757976
95,0.7270250907287291,0,0.05097367043731814,0.0177891108629057
96,-0.2282355721123612,0,0.027960130022384583,0.017395972744439044
97,0.5661172860896239,0,0.03885036685275435,0.038468008052637004
98,-0.32218356010651145,0,0.026838177641897838,0.07947153501743379
99,-0.030125923200643476,0,0.02051894248309359,0.24315182699335347
100,-2.1439251045804384,1,0.9797172054359925,0.9513507307174446
101,0.22751186017375996,0,0.5673873496553153,0.5240186328339793
102,0.7225629784632669,0,0.4214442745381261,0.43266615641146017
103,-0.03867808991042704,0,0.14182041726316316,0.39064355716997673
104,-0.3937713974078191,1,0.06118883623536859,0.5153696377821204
105,-2.2292339261358536,1,0.9929462111175034,0.9982905320507821
106,-0.4585853071046162,1,0.6285101327394685,0.9651567132927875
107,-3.1855885194430553,1,0.9999999184621121,0.9999999932263631
108,-1.8257559734376545,1,0.9972316314557861,0.9958923712540029
109,0.45357209221827083,1,0.6600553446016455,0.7310474211844056
110,0.6595065988706981,0,0.4524418897077777,0.6620532887186799
111,1.4046054306147515,0,0.8779085260840875,0.6630978121989591
112,-0.29329254253545034,0,0.4534617784725154,0.22010753815634296
113,0.71765007832272,0,0.3344666766559033,0.10926866149445219
114,0.12187624020082395,0,0.113591303480843,0.030189232419050936
115,-0.07562382337318793,0,0.04214949297885061,0.010815343635905668
116,0.2162972258630761,0,0.02700092596689929,0.006709732854701051
117,0.03095824183997959,0,0.0207258789857591,0.005245379360762286
118,0.05519786280610926,0,0.01937337935558242,0.005337062720281614
119,-0.2041665814133346,0,0.019681568121624683,0.007070960576195079
120,-0.6990548298994254,0,0.0398192417510393,0.01385999103927815
121,-0.7718126012610408,0,0.058756486573000456,0.015778419652986764
122,0.3266224416406135,0,0.03537211434072408,0.00887239848023666
123,-0.1383500450428567,0,0.02292833069348261,0.005828092734069425
124,-0.2980444498280833,0,0.02202023031617369,0.00554019922430658
125,0.0042528133615767835,0,0.019446233007313286,0.0052786629548155
126,0.39746612645781376,0,0.026061393871283672,0.006751270658656834
127,0.0901819715131991,0,0.020921855936415434,0.006121293605163274
128,-0.3280274683204837,0,0.02211349437707299,0.008584194459287056
129,0.6131464778244748,0,0.040154701014266214,0.016636773251751145
130,0.789592751490816,0,0.07512878088614662,0.022493907373525832
131,0.24727832766142666,0,0.03702155676891042,0.013877965887131426
132,0.48683175567204506,0,0.03676290325773958,0.01800793957622226
133,0.6209799984069055,0,0.04795558493541239,0.029160560343978393
134,0.5650496582022568,0,0.047464909454790594,0.045049203400213594
135,0.3070495885563118,0,0.03120140059871651,0.08163191769917863
136,0.2991735235374414,0,0.026213975452802282,0.2231425225222311
137,1.0393211466930052,1,0.13883454603992287,0.724986300942521
138,-2.194675349094087,1,0.9946774487535323,0.9996381820689819
139,1.4014463137191715,1,0.9797527394859744,0.998739348912542
140,-2.711627942253108,1,0.9999971022864828,0.9999998124164122
141,-1.5891989102501098,1,0.9889462848762317,0.9993171133232354
142,2.607130135616175,1,0.9999964068860782,0.999988213784529
143,0.42011008134709876,0,0.6507169599751866,0.39881278349080973
144,0.7436991448429313,0,0.49990329626132696,0.2005646900675873
145,-0.13583719184364612,0,0.17778783972624992,0.056891021455142236
146,-0.5761244206383838,0,0.09540812387544623,0.02495164378258414
147,-0.12021859853517142,0,0.03777349636683019,0.009523480269647576
148,0.0510156486202871,0,0.02342775473562591,0.0060594255202809765
149,0.039494358170004844,0,0.0199225469520654,0.005941624861028482
150,0.5668402393783508,0,0.035436510934852214,0.00895361738690776
151,-0.18063521250172276,0,0.023352684729540052,0.006007321200694834
152,0.17601723590146212,0,0.021324216626891303,0.005819458236743844
153,-0.49431357471730303,0,0.027505301195418046,0.006999519780327181
154,0.2251586390219065,0,0.023303148381285742,0.005795871856285769
155,0.0015542750928183725,0,0.019740132221937177,0.005098189010044888
156,-0.37490666914225873,0,0.022927174591582302,0.005705912875165919
157,-0.1179146810874264,0,0.01981387748218527,0.005094059849881142
158,-0.09208787325761082,0,0.018964331087107482,0.00561541468792487
159,-0.1350775646685481,0,0.01897647333983353,0.008692232462957073
160,0.8856706211338418,0,0.0789965710043174,0.021662335048755477
161,-0.049223001153939815,0,0.03319587594500995,0.010680710732376877
162,-0.12194805508866886,0,0.02228650111038594,0.012390403642391096
163,-1.0487254788050708,0,0.10719971860952471,0.030641484692154882
164,-0.44710367598973866,0,0.053488105037307214,0.013962369644754868
165,-0.13153671222817642,0,0.027296168519094898,0.007731423688704816
166,-0.3429263380883214,0,0.024203365364753284,0.008320934549753902
167,0.6908537966888985,0,0.0492946884709966,0.013234517334511224
168,-0.08246888769810931,0,0.025962134206575185,0.008342654687664156
169,0.6442221246591262,0,0.045023036687394574,0.011525764137203113
170,0.12340926810073605,1,0.02598693085257131,0.006781478910594206
171,0.07445567284315327,1,0.020767344082796096,0.006282700053798867
172,-0.1775928954250019,1,0.019743964239235908,0.00938445993785366
173,0.007592503242918265,1,0.01892209553154802,0.023248353381294815
174,0.8593975015249297,0,0.07302232152045553,0.08331686113350009
175,-1.1598053633756091,0,0.23130768683130254,0.1256625595104855
176,-1.0007728722193394,0,0.2944042769032783,0.09378691721379266
177,-0.27158541552805693,0,0.10401123687239242,0.027793344020357758
178,0.029055763875137766,1,0.039863396475406855,0.010734724965476375
179,0.3450522123820062,0,0.030379725480889786,0.007874934528033537
180,0.2365435990137376,0,0.024320953318124627,0.0063696875364587895
181,-0.1921229564402851,0,0.020756349131694374,0.006268513489449472
182,0.5095218466208812,0,0.0319833824944876,0.009340575491431866
183,0.5150977015763655,0,0.03672476226948551,0.009498646584684148
184,0.09202891563578276,0,0.023536761364138504,0.00664765904885005
185,0.4813287862434206,0,0.0314039754706286,0.007958257316247337
186,0.1363226317160644,0,0.022760414542131978,0.0058898365634745
187,-0.2807415133914418,0,0.021649127484966762,0.005915883015935679
188,0.34890841950000234,0,0.02499394177988312,0.0070517132580110355
189,0.055306561289338856,0,0.02038918500671244,0.00804601372962949
190,0.0006699233772434646,0,0.01905396308250613,0.016848169790489996
191,0.7364767860947872,0,0.05205124486280288,0.05584249640644727
192,-1.2254360642700433,0,0.24666846857784458,0.09885303914337852
193,-0.7088420850797849,0,0.16126840283891145,0.05324729052832372
194,-0.593535213187185,0,0.09097111682915264,0.026167198147336933
195,-0.1816303237844028,0,0.037499758105951235,0.013310337687827361
196,-0.12730408488301506,0,0.023359454575703074,0.016132904354442274
197,-0.7536628238865237,0,0.047214476766634775,0.042367304492561327
198,-0.49257901615541316,0,0.0361106390057687,0.0758809216401161
199,-0.4304208392617851,0,0.029578023017202575,0.18486304248147403
200,1.228712046037946,0,0.2683872076302096,0.5477082730726257
201,0.9008709738735733,0,0.31078955812195286,0.6100427934661736
202,-0.8234988353692986,1,0.24979802593460618,0.6632853413411784
203,-0.7271665806135978,1,0.16914537537521054,0.769128070223752
204,-2.2984079943765883,1,0.9979854711632843,0.9998767229440482
205,-3.8162608264505335,1,0.9999999999908247,0.999999999997304
206,-0.23376037281704806,1,0.5790761940755415,0.9565342346160284
207,-1.9957039664880514,1,0.995747393900874,0.9987336432929281
208,-0.16970106332401955,1,0.5644999843164598,0.9549998311301564
209,-3.200411698086955,1,0.9999999156777591,0.9999999893984503
210,-1.5239489166205156,1,0.9843949488340817,0.9879268674250463
211,0.2972541906056617,1,0.5911633621918501,0.8577968844951921
212,0.7324191955678748,1,0.44606650241099527,0.8642064747413795
213,0.8349439174840291,1,0.4073566120368493,0.9183898179947333
214,-2.6409779683140746,1,0.9999589387753602,0.9999974113543182
215,1.7093714602711234,1,0.9964539270011179,0.9996333482484684
216,-1.6004233932037006,1,0.9894041951888389,0.9920102377980555
217,1.265715829214613,1,0.9606444941819167,0.8645634544698827
218,-0.021277353236386295,1,0.5135514156230524,0.25768426594595245
219,-0.6881937495389739,0,0.31855715956203295,0.1208829446892991
220,-0.15809885229059398,0,0.10594780569569844,0.051460457279520894
221,0.1826818710318838,0,0.043505888884586216,0.04706240275442019
222,0.3064826902372995,0,0.030018701074940667,0.09255269544956465
223,-0.07049394872220931,0,0.021304931159785094,0.26275810906680175
224,3.0635577812021055,1,0.9999978220013015,0.9999998528939927
225,2.015021541973118,1,0.9995417363061001,0.9987929327794727
226,-0.12832705819987641,0,0.5654817038121857,0.5185238848547756
227,0.37506090606847226,0,0.26068303081271404,0.4265431999888263
228,0.9668967425940934,0,0.3540247931376105,0.4618359950924648
229,0.9802423003915135,0,0.45013007913792696,0.4579426304181335
230,-0.6139999404112487,0,0.24561982621578327,0.40867315969382584
231,-0.4632665555785753,0,0.10642780947697415,0.44817253701247933
232,0.7424593933669255,0,0.109276740100225,0.6671673719975416
233,-2.1165621016752745,1,0.9886106618702826,0.9992956315871865
234,-2.645082266583358,1,0.9999948518890556,0.9999791767365377
235,-0.24309706534952344,0,0.5806752725241581,0.25601337159934245
236,0.21011335473729287,0,0.23363897996265054,0.06946574047282579
237,-0.051198353305548186,0,0.07603590597935012,0.020740440387078687
238,-0.32528181020279606,0,0.037331894283514466,0.010326836544788486
239,-0.3371062308622545,0,0.026820849046645723,0.008439070163254313
240,-0.35616853220635436,0,0.024416416215002793,0.011037667299341686
241,-0.4397548143294713,0,0.026332763575232555,0.022504825193933552
242,1.1408164386380308,0,0.19471968662675485,0.05807942317381455
243,0.14875553559277746,0,0.06823567931664018,0.020301546720606183
244,0.4433795272023693,0,0.045236547641733266,0.013084865959538077
245,-0.24453873405946186,0,0.026783890895502687,0.010304867476522149
246,-0.09297833859302443,0,0.020609993135936876,0.017177719063380874
247,-0.3567769906851775,0,0.022703791093854838,0.05272688580082051
248,-1.325854167459601,0,0.2706458603267439,0.17862143550608217
249,-0.6890046384239331,0,0.16851795519157234,0.14410542922931885
250,-0.9053093399901974,0,0.18521597426230288,0.14751537005435958
251,-1.1248918889758037,0,0.3452827808555292,0.14337244902627677
252,-0.5976794871490514,0,0.1810850381898133,0.06766332202587419
253,0.6624778396908154,0,0.1327642592202725,0.038201517308243324
254,-0.02221808385217721,0,0.04714903957237454,0.015584465850331476
255,0.645281881160587,0,0.0559946873596636,0.014892909475467687
256,0.20549128845043765,0,0.030448873201558632,0.008424180083988715
257,0.3912794128575796,0,0.029347176808492675,0.00796507559190805
258,-0.45044849765228756,0,0.028273404570344836,0.00741324334714945
259,0.2619754770963354,0,0.02436175070563262,0.006521867286722392
260,0.36435711703717294,0,0.026359146443935264,0.006766314139521456
261,-0.28832364611684647,0,0.022728198656386936,0.005932070344797577
262,0.2797701853080832,0,0.023281364551695116,0.006100367054140521
263,0.28309387928741647,0,0.023521099870285122,0.006218741334823722
264,-0.2747763105650414,0,0.021738661973161683,0.006432292960175109
265,-0.5613842161354975,0,0.030932338027235388,0.008930738667156575
266,-0.5920641659491361,0,0.03633665228504427,0.009104149906171406
267,0.043252770960730894,0,0.0230280062073143,0.005843078001244215
268,0.1635049343946574,0,0.02105187402990833,0.005507512335774392
269,-0.39626291522895724,0,0.023901169569038174,0.006053968980613292
270,0.01329267066304932,0,0.01991769084163886,0.005513594398278849
271,0.2852685180692427,0,0.022638671245550183,0.0072185288275885065
272,0.3090953573326504,0,0.0240512736505005,0.010933833077055042
273,0.7759400600612443,0,0.06124874303975689,0.02263266006853044
274,0.6384904160990217,0,0.062340968592026244,0.021262769028887376
275,-0.500645716378272,0,0.041804992980770804,0.017945371508113515
276,0.8417931047690113,0,0.08816519196951897,0.0243560044671589
277,-0.2654882522778574,0,0.038753374832502074,0.011449112530677756
278,0.5224364062272138,0,0.039950597963986874,0.010404322041692674
279,0.033993313025544425,0,0.023841580289862357,0.006990153286309511
280,-0.2060746892284838,0,0.020799829175823507,0.008893997863364122
281,-0.9038484298874664,0,0.06802509656360749,0.019624383052297883
282,-0.0857822551081741,0,0.03057437057435037,0.011911173953543713
283,-0.7796916176528045,0,0.054508404626381395,0.018287272453665425
284,0.48364961792138617,0,0.0431589623592952,0.01632405520102898
285,0.758396328569624,0,0.07115070237506542,0.019360808060643886
286,-0.3984554946483451,0,0.03894739979526507,0.009981319227225463
287,0.15098537125963557,0,0.02487585023579265,0.0065248319598867465
288,-0.3626957610039877,0,0.024047002180334294,0.006334503010218816
289,-0.3142423650683948,0,0.022650590330785685,0.006381852698783667
290,0.38724735193268567,0,0.02668679343991335,0.007831590240484741
291,-0.019269130921706255,0,0.020493748013698087,0.00916838950295662
292,0.8698240209655058,0,0.07669585419057358,0.02116984539505951
293,-0.2411162393514605,0,0.03498142573258022,0.010805572286581506
294,0.4996681662372446,0,0.03683964389782218,0.011363630903990726
295,0.04870670647889099,0,0.023185853815634986,0.011507889031354824
296,0.3978890048721166,0,0.02728287406143934,0.025932265366675745
297,-0.8943153146598934,1,0.07121431024809965,0.06713013930675407
298,-0.09911767510316542,1,0.03144532241753548,0.09798250486096413
299,-0.2309977585978695,1,0.02303295850898506,0.26977794535663435
300,-1.6721142296915743,1,0.689284261812957,0.9681960353080369
301,1.3241630691635053,1,0.9102642357924752,0.992662327050027
302,1.3004980111567284,1,0.9521662471212786,0.9960463082919884
303,1.1871093898111333,1,0.9347731878486858,0.9957561238742273
304,3.0739313078352892,1,0.9999999593626065,0.999999881806265
305,0.7246724006181517,0,0.7821577043554214,0.46824244904685214
306,-0.18747234492456769,0,0.3516203786768824,0.11901794286659986
307,0.18652615921708912,0,0.12463895442770472,0.0346617638019795
308,-0.31180034462910633,0,0.05097946656017216,0.013415342682514266
309,0.011677658057277728,0,0.026396052724353043,0.007845145861986098
310,-0.29987472455943237,0,0.022970613680153046,0.009469737510272585
311,0.8100351545680256,0,0.06643843892683661,0.01881230315779397
312,0.1818490751714814,0,0.03265970832783006,0.01112434550294678
313,-0.10901456405221106,0,0.022081665557710066,0.014090893864443989
314,0.5968092859281885,0,0.03873543033737868,0.037398226032177476
315,-1.0853077048977058,0,0.14177651879342992,0.07693313851314325
316,-1.0070512974326449,0,0.21441158221148868,0.06757326173541675
317,0.39791932760988696,0,0.0955327131380318,0.0254769684255637
318,0.03023422405868403,0,0.03767660452467134,0.010329595468718391
319,0.12522315013038032,0,0.024172704602136344,0.008221149234053286
320,-0.6631980516592744,0,0.03883949986535908,0.012916051682589167
321,-0.011616855425183101,0,0.023391144267330403,0.014100690527030463
322,1.001754705200671,0,0.11929949714634465,0.03497429301439389
323,0.41209980989793144,0,0.061136899826530505,0.01590292937623886
324,0.08485327257140605,0,0.029516360747406177,0.007978363233117014
325,-0.21952695505246883,0,0.022381226347065578,0.007324523252061338
326,-0.19728642593469692,0,0.02033963359615064,0.01160523726624401
327,-1.0645989446000088,0,0.11038575204488643,0.031161439477294987
328,0.1288202104605803,0,0.04320408597810773,0.013529278651235602
329,0.42274155424092696,0,0.035118900608461366,0.012621813715560495
330,-0.7878096635853076,0,0.058317470845479835,0.01621429014292613
331,-0.330708446153408,0,0.03248981120388181,0.009973961018789657
332,-0.578732316116711,0,0.03604612091832065,0.010934372439177139
333,-0.48267559740438176,0,0.031851642090458376,0.010933987718081363
334,0.02674081341095011,0,0.021859421839603477,0.014230747579928258
335,-1.0422010774942372,0,0.10450840766098585,0.038372004159324125
336,0.307135219178532,0,0.048531695182211794,0.027193792924322332
337,0.3769275349668411,0,0.03450567926243676,0.04007565481380579
338,-0.12555129401845624,0,0.02262516468101901,0.0924477896815721
339,-1.2403542549922708,0,0.20298523610205052,0.32593208132331875
340,-0.4982093130011948,0,0.09420106619422523,0.3689582354794254
341,0.6164509670513483,0,0.07571748239159797,0.5728750122959312
342,-5.555988561457145,1,1.0,1.0
343,-0.6950468243870385,1,0.7334764478943618,0.9782786129402447
344,-2.360001556934518,1,0.9998322243899692,0.9999855804164217
345,1.6091406031696731,1,0.9935519010659457,0.9953543045061946
346,-1.3502279042869227,1,0.9627849088400534,0.8733721124053128
347,0.20197701036780577,0,0.5413296804865149,0.2721860433460157
348,0.28273020958454653,0,0.22496615986236526,0.12082117406444971
349,0.91811291986501,0,0.28442273518338007,0.0902263741203645
350,-0.10147097183768511,0,0.09269250242627466,0.027370160935025558
351,0.18802218481130567,0,0.03997858407805779,0.014581536619781737
352,-0.742527739563718,0,0.05486727628700553,0.01747486072943716
353,0.595206781646872,0,0.053753010756624205,0.014410612687246086
354,-0.3802544240356823,0,0.03292753110370292,0.008548160006008132
355,-0.2803770820438728,0,0.024288217370970682,0.00654153711039304
356,-0.011123897424605369,0,0.019942539447344046,0.006899737537181953
357,-0.7814421726699248,0,0.04854598171943638,0.012823601028121953
358,0.114385014464469,0,0.026743798297964527,0.007829257475244905
359,0.4837331364625054,0,0.03272749886599033,0.00911095557467787
360,0.1464669117486458,0,0.023235988664116858,0.008285881465194673
361,-0.7944487820893625,0,0.05213700059268098,0.014179633672272096
362,-0.06190464716482979,0,0.026589251769040572,0.008895081388414144
363,0.3710144514897453,0,0.027298871165022085,0.012752263896899202
364,-0.9389943829829539,0,0.08094579572058862,0.024531921841426937
365,-0.537383006908857,0,0.05130432574214903,0.014846998559068288
366,0.43827180204076,0,0.03884499924086779,0.010789905798761275
367,0.13504771709864327,0,0.024604066440963114,0.008656136366462243
368,0.20598579106337692,0,0.02216078103350312,0.013976004683836057
369,0.9297474038116558,0,0.09371118258385483,0.03681109829905256
370,0.2342763892531013,0,0.04186345737084791,0.029637150697658182
371,0.3289440052165897,0,0.030357548359365567,0.05289166179618043
372,1.355372763609163,0,0.4014115795734625,0.14151679647307605
373,-0.10690227904524535,0,0.1348687160814495,0.03886353806610113
374,-0.39894138180924754,0,0.059262360157958646,0.015762028482698757
375,0.21389819912356636,0,0.03155385287480682,0.008592751547158594
376,0.21949551469444745,0,0.02425449153537565,0.0076416992313052675
377,-0.2633576959731041,0,0.02172932069627884,0.010793904807080342
378,-0.5161985097774238,0,0.028625279925192523,0.02554992891049855
379,1.154922211045039,0,0.20851167808363721,0.062923477595103
380,0.16342173519401146,0,0.07317798751169857,0.021605166751882527
381,-0.36614269070103783,0,0.03810732052057828,0.01316900543281299
382,0.4579651511397993,0,0.035355100124267,0.015296413199539801
383,-0.05457257578066725,0,0.02254232464668638,0.023281116754384094
384,-0.12644072315891564,0,0.019771567387422834,0.07056052601995327
385,0.28113643595724663,0,0.022494673840893525,0.2733654836297998
386,-2.58376453646338,1,0.9994527565033116,0.9989023373659608
387,0.7052544078343448,1,0.7727250428874101,0.635937356200236
388,0.9564774038658761,0,0.7430615933477281,0.41943350799801493
389,0.23308883109865539,0,0.3423448557026302,0.11300266164624033
390,-0.18810605189173224,0,0.11590081812804093,0.0313560014800714
391,-0.253552640214121,0,0.04612052646445252,0.01172620226088327
392,-0.20516998667255468,0,0.02633979071800358,0.006645668805337441
393,-0.12698133902389053,0,0.020678344168006492,0.005548005607232649
394,-0.188903266379136,0,0.019834586221702595,0.006578310828955631
395,0.4581557205372834,0,0.028854709509296233,0.011649565923217703
396,-0.8666045516044916,0,0.06708755424857041,0.01924567124578982
397,0.431000025206067,0,0.04394134151498642,0.011639884890381287
398,-0.18984326257128056,0,0.02557504334168285,0.007660567532372331
399,0.18847389284768612,0,0.022096541883321028,0.009595349325481112
400,-0.5634939551004319,0,0.03118249334257789,0.020461346561602353
401,0.664315533424718,0,0.0499594031489787,0.042905435327971676
402,0.6228174800859365,0,0.054628222469767555,0.07348079245566855
403,0.4797952628750368,0,0.042913249498307306,0.1323068768797027
404,-0.7573773878967697,0,0.058464287884620984,0.2989397302988448
405,1.6582421421321056,1,0.8224597359216707,0.5836240451252968
406,0.20242754381785444,0,0.39953323394925966,0.23309617457524714
407,-0.8026356235662838,0,0.3009474636784511,0.15335431632786364
408,-0.012148691885407745,0,0.09769252733406168,0.09938337044102952
409,0.18226724451663126,0,0.041189007605386366,0.12873893193206465
410,1.1121505476463016,1,0.20192277533960573,0.2984084405330976
411,0.35452273389771144,1,0.0855428423588867,0.33351826144481267
412,0.5824628336947594,1,0.06648450055078035,0.5383249621383045
413,2.947222784506191,1,0.9999952009507946,0.9999953964684826
414,0.6130169549553399,0,0.7310089615346436,0.8322605422968417
415,-1.4335274768913717,0,0.9315654039588461,0.7736288866172603
416,-0.158719277418841,0,0.48668078531466463,0.2079143057473619
417,-0.08232551377197564,0,0.16987864560561936,0.07455171088318914
418,-0.8760492863634856,0,0.17331940374624916,0.05198261897119306
419,0.047091529116156085,0,0.05899673374092799,0.019960340441910505
420,0.6243788862052533,0,0.05929931096589808,0.017201786283314213
421,-0.5432839297952952,0,0.043685741489570995,0.011475314145922785
422,0.16820046934493615,0,0.026388128549275178,0.0074156332413796875
423,-0.4579117386482189,0,0.02763841551059125,0.00805635373392187
424,-0.3359560118398384,0,0.024122729531961633,0.009077461568368137
425,0.7386968170850176,0,0.05555267179111568,0.01598909466072006
426,-0.2712789100559125,0,0.03006404000615442,0.010930600089270444
427,0.23110624450531234,0,0.02411308648448441,0.01583303673988082
428,-0.9356090580304935,0,0.07741065053370967,0.039830799783882424
429,0.9311587806974401,0,0.15102000534856394,0.04361276143802951
430,0.3013262231532495,0,0.06308763598393867,0.016575808283784403
431,-0.09124992132513084,0,0.029379615388973317,0.008387931970598788
432,0.2877732549999474,0,0.025360569785160703,0.008686241127268223
433,-0.7049097144739052,0,0.04312889954715415,0.013282782425101444
434,0.5912653708763286,0,0.04788571049383937,0.012078634733668334
435,-0.1619923877482151,0,0.026214965167811903,0.006504647907270207
436,-0.10203475752421735,0,0.020513390696914848,0.005178096117267631
437,-0.24582780748274222,0,0.02050437498324233,0.005272619258770533
438,-0.29032570137279234,0,0.021239077962260388,0.005657207686018499
439,0.3473353058142043,0,0.02481847122284044,0.006455100721751089
440,0.12795342505211144,0,0.021021712369570546,0.0061422475323036786
441,0.32587407070151997,0,0.024077181496072568,0.008560800557973555
442,-0.004397344742785726,0,0.01990707613932881,0.01421741031104858
443,0.2565999055385905,0,0.021954120002792763,0.042636780648203976
444,-0.20942437196251917,0,0.020375844630012088,0.1455281035248777
445,1.1148659207047742,0,0.16815856539507196,0.5663406461421262
446,-0.7839652082152493,0,0.13842623517457525,0.7245484303361708
447,2.5218746471259688,1,0.9998135283358472,0.9999886085818736
448,2.7358149014419415,1,0.9999990080757154,0.9999999375286325
449,-1.7043176119311876,1,0.9942170430263834,0.9996448588304707
450,4.458547221111947,1,0.9999999999999998,1.0
451,1.9909805658906363,1,0.9994551804427817,0.9981317975949324
452,0.48556950341145577,0,0.6753978116333126,0.3695043788217199
453,0.014011093512938343,0,0.26965309833254963,0.1325054808389002
454,-0.10861307910933822,0,0.08800422977645798,0.08647778403407448
455,-0.10470441351980406,0,0.035727059214392086,0.11594309223509552
456,0.1952652981597586,0,0.02484820199606525,0.2943771025419975
457,2.8023725500677923,1,0.9999677767811992,0.9999919834773278
458,0.3626284357228392,1,0.6306297071684626,0.964941676852655
459,-1.8228872462745807,1,0.9887422267970375,0.9992843559351565
460,1.6488541247699595,1,0.9945832217195842,0.9996394112178972
461,1.8423014927895844,1,0.9984384222697135,0.9990094698019449
462,1.3093190568955722,1,0.9691198652793117,0.8922162442414241
463,0.3727494532624913,0,0.5968440207091549,0.2712156792911536
464,-0.13546406507890404,0,0.22618720054173422,0.0758257530168057
465,-0.4644945835652898,0,0.09884471411618982,0.03172560565848384
466,-0.4340967153203899,0,0.04978662141434839,0.01907644587068402
467,-0.817731624228929,0,0.07228967329181715,0.020998534892220977
468,0.11847430577297488,0,0.032864590641284726,0.012471676127402086
469,-0.04172439161329681,0,0.02194100310308518,0.017755213017250818
470,-0.21999385226485438,0,0.020504301189839872,0.051531820788341495
471,-1.477809412172535,0,0.4285713964415882,0.18966371155719622
472,-0.6236587348470845,0,0.2364085975825782,0.08470787911258751
473,0.5604203257015834,0,0.13546027966523772,0.03921519830495625
474,-0.3323130000315655,0,0.05529836320459898,0.016050944316556535
475,0.1802958388284207,0,0.029664382393167436,0.011193955138277424
476,-0.6953427149876281,0,0.044289106998905335,0.017017091472183905
477,0.7193527411796156,0,0.06508049284068763,0.020176245258558004
478,-0.0720138300273382,0,0.029787449606017792,0.014397607672589735
479,0.1450201982417676,0,0.02247826989816608,0.02663776117212543
480,1.1628898959408425,0,0.20209330025606806,0.08321958781826369
481,0.7582200502947019,0,0.17921203953611153,0.050645137207452506
482,-0.1532828106435289,0,0.0612853338469585,0.01601267619655959
483,-0.2966100924351796,0,0.03227657608784459,0.008125923956728091
484,-0.1627725057597659,0,0.022391663973884347,0.005777218826346934
485,0.2549491242382678,0,0.022589367858713353,0.005831393381100571
486,-0.05261206712543556,0,0.019525654498303704,0.0058539309179761224
487,-0.19762207250173583,0,0.019646377375626235,0.009042733539372341
488,0.7335906253545211,0,0.052033323549767294,0.022008790468779044
489,-0.05710494588891844,0,0.026554785183275947,0.02584908968448263
490,1.1497945465186596,0,0.20108392664982355,0.06860608111907279
491,0.04537128187608651,0,0.06703938712906718,0.03182348320431188
492,0.8926591971123637,0,0.12562180729927275,0.03550939543626051
493,0.1786597113553134,0,0.0489452694314182,0.014303610262322845
494,0.4814802866247239,0,0.04089016650245251,0.010919310898882848
495,-0.3623055257588622,0,0.02856626645667265,0.00770895362945522
496,-0.4268796112937059,0,0.027135608011378393,0.007223593374750022
497,0.22985297750749376,0,0.023305215871298555,0.006809127839246844
498,0.4942766212326576,0,0.03205585534208386,0.00876054461148281
499,0.020128251000231433,0,0.02187731082225275,0.007764751182637479
500,-0.6431966675418486,0,0.03626170166216721,0.01383657863996351
501,-0.6801291831446635,0,0.04592616038904042,0.018533399278217854
502,-0.7135682010931206,0,0.05433286507301455,0.02251103394142374
503,-0.8838110564696905,0,0.08948326264033062,0.02533381928156071
504,0.054742679723543755,0,0.036366542785555525,0.01254117943560897
505,0.5625219608540126,0,0.04218904782566484,0.014990134083460753
506,-0.006707893462404384,0,0.02420560325323214,0.016846278446726187
507,-1.1302073786689262,0,0.142557598940677,0.04322225249793572
508,-0.09538023016727436,0,0.05004285528198311,0.019154453806787413
509,-0.08139949831630355,0,0.026139557057900737,0.020997369511285217
510,1.0479993751127197,0,0.14273457596987366,0.05348803514773479
511,-0.7285689564597781,0,0.10833229297675638,0.03371620847841797
512,-0.19533880129959785,0,0.042410515032017,0.01829822613152758
513,0.8529263402722821,0,0.09151267604102424,0.024712354513205616
514,0.22498917067327404,0,0.040885390412762644,0.01067831351148567
515,0.28165653675821234,0,0.02843712841073993,0.0071141835754059204
516,0.05729221851193911,0,0.02122560586868506,0.0054577669994689704
517,0.16497176932863228,0,0.020620906531646718,0.005695226611170309
518,0.388804765139268,0,0.026102000174065595,0.0072186984513847195
519,-0.40474315944638317,0,0.025640510717766275,0.007646261878323232
520,0.4390292894540999,0,0.0299427074083438,0.00948704114521
521,-0.6865015084427696,0,0.04356730913833711,0.011574018566046397
522,0.16418398641576906,0,0.026283328968418243,0.007719301163728571
523,0.08937048164316358,0,0.020968018969711583,0.009153156926797051
524,-0.30814654409605396,0,0.021705350307324782,0.020393649501849888
525,-0.011342637662823368,0,0.019336024657933486,0.062175474439403244
526,-0.31127007633277654,0,0.02133648866498476,0.24353213675498864
527,-2.1434026537234887,1,0.979842153283138,0.9246488888352187
528,-0.17680737080682218,0,0.5451402550937507,0.251499156632062
529,-0.5519943176858307,0,0.2806075433248941,0.09126634010936069
530,0.16139873204662405,0,0.09683288899978475,0.030199933195396822
531,-0.5750427470761817,0,0.06115430940191792,0.01746527726459696
532,0.3559885114955257,0,0.03749760627581595,0.011068842692245045
533,-0.59073953396441,0,0.038834750192034966,0.010271400342793984
534,-0.28314745779050315,0,0.02589947293293432,0.007335705498019074
535,-0.3123017041075895,0,0.0231029536856182,0.008211549483964709
536,0.6625733644374194,0,0.04547567753998046,0.01406178394853592
537,0.16514497280829593,0,0.026792741626870273,0.012437154775562382
538,-0.10586690127219713,0,0.02066826614695443,0.02414463954923638
539,0.24935972053486166,0,0.02199951099694703,0.08011677725209707
540,-1.053596173664844,0,0.10853467921005548,0.2866935662357605
541,-0.08626717928181489,1,0.04089019242593834,0.41107679557002635
542,3.9950283556095254,1,0.9999999999858306,0.9999999999443407
543,0.26469301280534513,1,0.6019280861116402,0.2778236036997199
544,0.03395658458466775,0,0.22764542784850997,0.08017168051164587
545,0.27406418982109804,0,0.08690937268904947,0.03676699250253248
546,0.4478026216571728,0,0.05241928931609693,0.03294025884237444
547,-0.9987333464449298,0,0.12220648987591602,0.04907919336508623
548,-0.8411632408955134,0,0.12629076266312825,0.03584649088686861
549,0.10514564554307328,0,0.046999140308875226,0.014551344895209633
550,-0.35743828094875485,0,0.030153427446141242,0.012628079670990671
551,0.6560126311099571,0,0.048459127787282376,0.020867706249507914
552,-0.15758719494261195,0,0.026308640162709864,0.02593788252444782
553,-0.9672653678565589,0,0.08707055653845643,0.0695102094510628
554,-0.6340069584219985,0,0.06390718498137636,0.08813846719569461
555,-1.3748380098152877,0,0.4146262451528948,0.1468699575634744
556,-0.11706276864145627,0,0.14041393565541405,0.03877339745354231
557,-0.09419206363219168,0,0.04944764373471522,0.013591571526003836
558,-0.21223135489094888,0,0.02729371556483009,0.009052840873029145
559,0.5394395195148693,0,0.03655204093119227,0.012590658637142024
560,0.5992599182583468,0,0.04563958995854813,0.01497670072522862
561,-0.0851942116780556,0,0.025087922424424692,0.014461236853472744
562,-1.067346833738428,0,0.11724462130929182,0.033363576838748424
563,0.3086407902461292,0,0.05264473728505766,0.014260096795820684
564,0.27768011425428774,0,0.03166278038895776,0.008801527704432478
565,0.1546957850784725,0,0.023092126968581737,0.008171564588937974
566,0.4907398746540579,0,0.031771196498399525,0.013928610489972102
567,-0.58241404823052,0,0.03601300086336964,0.02301924148121865
568,1.0043776930925694,0,0.13640283848860937,0.0433859225189706
569,-0.479713876570934,0,0.06652252343739788,0.02172095892157372
570,0.3746114636004273,0,0.040214820380307895,0.016619663824711636
571,-0.8436738472066758,0,0.07078738250088785,0.022400801637849757
572,-0.4651323436350254,0,0.04244184318666183,0.015762433383417037
573,0.7581843233626681,0,0.07063360673256674,0.018537538990151294
574,-0.13044991150042495,0,0.03155761941999343,0.008691185282433605
575,0.41996130256639896,0,0.031026676902756366,0.007926832194755044
576,0.11847769435962305,0,0.02243650604715187,0.006061725459727012
577,-0.05247907800008634,0,0.019489707724053125,0.006848805952155264
578,0.6819251624663448,0,0.04563454262824108,0.01319701409027339
579,-0.11832941232595016,0,0.025268777664826533,0.010329119707944227
580,-0.8903690537817353,0,0.0688939100079307,0.01898072083421473
581,-0.40162004597585255,0,0.0384037778123772,0.010298496345974921
582,0.2755958643508471,0,0.027550946973233778,0.007675076309064571
583,0.19775455318125407,0,0.02277175930583579,0.007928423188762716
584,-0.7835291251177191,0,0.050454643129827226,0.013403994499003558
585,-0.3621712597041005,0,0.03130522034940383,0.008096632541923535
586,-0.2908606746011233,0,0.024077993287975157,0.0063655965165910575
587,-0.1827347970571125,0,0.020597128069090177,0.006464669002388031
588,-0.6879567943007757,0,0.03928197750463888,0.010293195760535402
589,-0.3141855540597393,0,0.0267498442234743,0.007115556603697538
590,-0.3643052426297637,0,0.02461750008008704,0.006767938877600034
591,0.38576662988095967,0,0.02725350738192944,0.0073997764847071115
592,0.4045606554951219,0,0.028887415773975963,0.007284480552106146
593,-0.072905229044408,0,0.02104313177628824,0.005657159099544501
594,-0.19601989793536576,0,0.019998921080645344,0.006646102315422029
595,0.0699621560195567,0,0.01930017689559909,0.011724281766114234
596,-0.40828755372778747,0,0.023748432931535186,0.033755333373679065
597,-0.5734160410837205,0,0.03237325315667931,0.10444925884032029
598,-0.47011060446285846,0,0.03006693773235199,0.28268888210468146
599,-1.2696263279429134,1,0.23967880732158603,0.8369226329322208
600,-2.326947599584542,1,0.9988497489998087,0.9990163909532288
601,0.3241191181257495,1,0.6170626984231191,0.850959810396562
602,1.4594313475674168,1,0.9411687114722942,0.8467383732064289
603,-0.7935491503991209,0,0.7250949249489917,0.4000348082021512
604,0.012564355608016674,0,0.3021307000542029,0.11159421050907672
605,-0.43987159053267116,1,0.1261538977312386,0.04682878220108763
606,0.6830173710736058,1,0.10631276424165692,0.030830929731024755
607,-0.006469384051794031,0,0.04022320633692776,0.014607273786209468
608,-0.7267996399658154,0,0.05302494367965575,0.01735343927301479
609,-0.6311946494285827,0,0.04866193353905215,0.01521248794988766
610,0.014711787792486362,0,0.02584673775324506,0.013118012298068835
611,0.5143904598727547,0,0.03426642675302838,0.027663204509889593
612,-1.1070936855215014,0,0.1459054377814367,0.05860669755756265
613,0.6914531596031599,1,0.12015519896136695,0.039697339057111126
614,0.5948110026438216,0,0.08494412529192089,0.02266266008615411
615,-0.07651293810310655,0,0.03477210280378735,0.009911420958293681
616,0.2751012480132204,0,0.02651646801456784,0.009066168005475193
617,-0.3515345404489011,0,0.024209315964096634,0.0133870737406229
618,-0.05968309963843841,0,0.019914333972471387,0.031047634421623845
619,-0.8104567591540758,0,0.05223810229146167,0.11106557077032911
620,-1.172171654209437,0,0.20870456309822788,0.2175240370238774
621,0.4713829006126376,0,0.10418409846076881,0.2234865399854357
622,-0.49249746386222093,0,0.05601015516112022,0.3190214539373937
623,-0.911055690006861,1,0.09779130004785289,0.6394959818559789
624,-2.7728845065403864,1,0.9999525819799078,0.9998467663579201
625,-0.7049848515419379,0,0.7379375207568446,0.4077872162227409
626,-0.08691885004730818,0,0.31099069188352874,0.10320369317328647
627,-0.36478859706782324,0,0.11937705601201669,0.032684107323219094
628,0.18898549899734923,0,0.04752831622304957,0.012429088232094538
629,0.22626920948979595,0,0.02869626661598132,0.007490094982497417
630,0.16042482316230358,0,0.02243208059761103,0.0064398603962497036
631,0.11930039546422185,0,0.02033648400928575,0.008259313205982282
632,0.7888841024659431,0,0.060779133339084794,0.017775259170532128
633,-0.533796884522443,0,0.043533842897305663,0.01187252698161011
634,-0.027467433101458875,0,0.024491748034428433,0.008451671290070796
635,0.5663449102597944,0,0.03736932021624505,0.013384353008449989
636,0.6322699046690182,0,0.04948153046309513,0.01642940279480908
637,-0.7108818246722864,0,0.05579826865861126,0.015332029225142095
638,-0.15617772082793496,0,0.028116340788193892,0.009435569371463273
639,0.6790605479336302,0,0.05005373365571961,0.013040924183952463
640,0.25403955259953265,0,0.03017016201912359,0.00750938308026903
641,0.09763151573988638,0,0.02199270473458823,0.00542028804265796
642,-0.10884234671732837,0,0.0195465321475866,0.004850900774930262
643,-0.19190046285387272,0,0.019590718487789305,0.004881255497420213
644,0.1441095315451621,0,0.019932092992559297,0.004963136511274452
645,-0.12618706249224168,0,0.019151489165621635,0.0049662692536336876
646,-0.02128931052222209,0,0.018724368470683157,0.005757256554257048
647,0.039299353057518686,0,0.018810358328860514,0.0095777229113052
648,-0.3390357642467496,0,0.021788200515072235,0.025706359261172724
649,0.26606468694071916,0,0.02268427246912367,0.08212958821985551
650,1.4571223242077098,0,0.5071601935513077,0.2872039388284297
651,-0.8884933196630376,0,0.43770082925264053,0.16260741489866284
652,0.16200626209498994,0,0.15759642382830363,0.04608405757847856
653,-0.3800950443094528,0,0.06541657319257903,0.01761905476801577
654,0.288701288759625,0,0.035778338502482195,0.009323015315935957
655,0.02327873666393046,0,0.022781096155452617,0.006785542614052472
656,0.38092738702123174,0,0.026484399248164925,0.009190920351814902
657,0.5877532882543898,0,0.03997587022638486,0.013830421305246053
658,0.09621055888409066,0,0.024381666855108574,0.015588538478717676
659,0.5660261442070891,0,0.037297391026474655,0.03847654118955597
660,-1.1721489468943387,0,0.18516401097534496,0.08234215399417875
661,0.7952261489580116,0,0.1828486944141268,0.05625573918953663
662,0.18753107594617005,0,0.06635411929656533,0.022226147668204823
663,0.5389216778725909,0,0.052801657718062826,0.017668693335677912
664,-0.6099378724207608,0,0.04658749333455897,0.016018745030304832
665,-0.41538494080266786,0,0.0321796533702765,0.016249842015071663
666,0.07296914707238707,0,0.02224822843458256,0.02929646374692289
667,-0.008518944668731508,0,0.01946865717448899,0.09396889675306488
668,0.5661371760199791,1,0.03519015060223401,0.3737092603884908
669,2.1690303218599323,1,0.9920098573892172,0.9995082872496913
670,-3.5304406306056983,1,0.9999999996302277,0.9999999999715862
671,1.9476381434346182,1,0.9992595952614,0.9970562299542003
672,0.016563819915854035,1,0.5629006856008217,0.2664900359831771
673,-0.10189093056227387,0,0.20674826523969667,0.09753760689024725
674,-0.7355576171924452,0,0.14662183047675317,0.06754842447922642
675,0.2515243341884325,0,0.05852471005723969,0.05205088983009548
676,-1.2070539255155186,0,0.24351444555761073,0.08255336322684101
677,0.3241970056193563,0,0.09766119631357513,0.03371995525816708
678,-0.746052917736496,0,0.08706165182702266,0.022798384150674124
679,0.026728956308737017,0,0.03547549102230853,0.009277074948393929
680,-0.05958441866396021,0,0.02257830152343694,0.006858742894473327
681,0.5847690736469419,0,0.03797483796852123,0.009666511159677312
682,-0.08932758450694508,0,0.02326022269195141,0.006307801818558551
683,-0.3470692805728328,0,0.02319550691081179,0.006988751545473123
684,-0.2533013479856015,0,0.021295404657667116,0.009519041025755197
685,0.6364413843773318,0,0.04190046620004058,0.021330346921971013
686,0.2681484845904468,0,0.02831222270924512,0.03254779977520768
687,-0.19281499076158065,0,0.021741822504620867,0.08562558690119375
688,-0.47289283992902686,1,0.026753710738143973,0.310375405126529
689,-3.134354181170894,1,0.999997827287032,0.9999996986623662
690,0.776948401703082,1,0.8059310485230258,0.9855054816018559
691,-3.5196314153909314,1,0.9999999990805907,0.9999999971898963
692,0.37589823291772806,0,0.6351022461561695,0.4406173043902178
693,0.06431079624563292,0,0.24802536236073822,0.2730804694477498
694,1.1934758997869612,0,0.5596864077633913,0.2742739885854062
695,-0.5500677768621529,0,0.28909277440870923,0.11018089813533964
696,-0.05133104552031647,0,0.09366456149565236,0.05045032216596104
697,0.8991438504615313,0,0.15290325673237518,0.05202600735613438
698,0.5956948201457072,0,0.10136464614671839,0.027656486712266566
699,-0.34810602578994987,0,0.04571825811289727,0.011544697516891408
700,0.11198371418672387,0,0.026002067530559732,0.006444120544893228
701,0.0009996782075436166,0,0.02037409595628998,0.005142974349246648
702,0.1409779336970786,0,0.02008630179030942,0.005265820121315154
703,-0.3493402179924149,0,0.0223771960055767,0.006041283377867702
704,-0.04466020135036726,0,0.019470399938483214,0.006828395640807061
705,-0.7990261876383569,0,0.050459780501997474,0.013137817825753375
706,0.06756172593404103,0,0.026665368103803905,0.007509600053342998
707,0.22501033671091603,0,0.02307765914740189,0.00813010819193029
708,-0.113709706321942,0,0.019827170315518363,0.01379412728456171
709,-0.8075254452923939,0,0.05179098626157953,0.041102697561514134
710,0.4942659314257312,0,0.042929850815946094,0.06734003340810081
711,0.7290500759856046,1,0.06584053018812198,0.14239775245632919
712,-1.4520301954019537,1,0.5115255922070276,0.2477599338715964
713,-0.5612008936761279,1,0.2631924788952843,0.10951056524120616
714,-0.7503347013909194,0,0.18558151102179682,0.06013776260040198
715,-0.5127050638889522,0,0.08919577651318353,0.026410730998508977
716,-0.2689056731785697,0,0.03914148772709172,0.014461140089205637
717,0.6142104061400756,0,0.04838807008561717,0.01781709030020642
718,-0.3197516954437378,0,0.029390208304119318,0.019135982783272512
719,0.32010682966437937,0,0.02634656148570271,0.04165906325013191
720,-1.0766324057231595,1,0.12238752393829155,0.12146490452723697
721,0.4958951217037497,1,0.07131676642893683,0.1437552196154891
722,-0.28279100428760434,1,0.034629516327152075,0.23898966734969365
723,1.7461132001854869,1,0.8627100448937719,0.6395027048149698
724,-0.26740566910927893,0,0.433465315417218,0.22592324719621465
725,-0.7862641250012204,0,0.31560045573806345,0.12730680748882314
726,-0.6909745156818163,0,0.19500847089529227,0.0607050695365653
727,-0.2659387469713787,0,0.0702387126644149,0.023669781830012695
728,-0.6245299853390264,0,0.05541138048481698,0.01838459118899126
729,0.20510600783977564,0,0.03028222898355975,0.01600404653638554
730,-0.2328840824290389,0,0.02276868047619549,0.030883415088098908
731,1.1873032750132158,0,0.22007739440977225,0.09784841369448384
732,-0.868857297568566,0,0.2073267736246266,0.06255460826365009
733,0.10181658935490061,0,0.0703378179325645,0.021559794149751142
734,-0.5639765117528345,0,0.04955255706267513,0.014423644143515315
735,-0.2467006701913393,0,0.027944941482488148,0.01084056091350288
736,0.07070973667027208,0,0.021207999760008697,0.01766529878593815
737,-1.1626856874371434,0,0.15395620637033733,0.05305137391754957
738,0.11841305839401374,0,0.05509883243249542,0.0286843203867441
739,0.9514537311370839,0,0.1363363121079451,0.037742798443904595
740,-0.22671914918429642,0,0.05103729082929989,0.013599926735502912
741,0.12990392840275475,0,0.02760538580606481,0.008217562517300403
742,0.5124608465626996,0,0.034829207991453254,0.009622010909775977
743,-0.08197675001349827,0,0.02248083049160257,0.008232566640612256
744,-0.2904800942657416,0,0.02175687341335011,0.01486811357952137
745,-1.1378682018608761,0,0.14252799473455735,0.041006160148091775
746,0.32049535969748666,0,0.06166370992689497,0.01600649351286711
747,-0.056584204864448616,0,0.02890560136078614,0.007935734281478196
748,-0.5063419256940809,0,0.030607054611056787,0.007665094830414143
749,0.06329835513884678,0,0.02179058139258198,0.005579516507597939
750,-0.2918401784030907,0,0.021602533464399463,0.005636454218425434
751,-0.2642130655577628,0,0.021066244425003364,0.006028406975660204
752,0.3031455780543541,0,0.023434096415281176,0.008070330490245844
753,-0.6691912056619223,0,0.03900211978954947,0.013178606771553431
754,0.5236576430368792,0,0.04014362266381124,0.01465275381424888
755,-0.6988430815592018,0,0.049743490100621526,0.017527861110912674
756,-0.3313507041776319,0,0.03010545224296521,0.017601281196262326
757,0.9614730970332886,0,0.11252249006448502,0.0359313691377477
758,0.5636773808212111,0,0.07629598643829556,0.020024172997193033
759,0.048801996247720095,0,0.03293662581864411,0.008934315106112617
760,-0.47026510775060826,0,0.030256293038679022,0.0076331347091882305
761,-0.2646361533499466,0,0.023292446349972212,0.005731860399520136
762,0.0366376572928482,0,0.019875498555051017,0.0048757612328411545
763,0.01876161616979921,0,0.018990659704776317,0.004665144585361389
764,-0.04543546481298143,0,0.01867913065191975,0.004653967487956772
765,-0.015416257042092166,0,0.018621685864630734,0.004919465519040051
766,-0.10718755485255704,0,0.018744791066159942,0.006114881452739532
767,-0.7209893678200064,0,0.04138024537638921,0.011076638161406588
768,-0.2582553710804164,0,0.026049913521351407,0.00780245866338013
769,0.45731202699342327,0,0.03101279286345236,0.00963886697702573
770,-0.6841671487755587,0,0.04385022269179322,0.0111373259368595
771,-0.09477775576963926,0,0.024697998687674225,0.006517696312196449
772,-0.409876964385422,0,0.02539164301784927,0.0064611405796805394
773,0.05567521469905566,0,0.02048648213805365,0.005688189719776427
774,-0.19431659053340908,0,0.019844854099528277,0.007328659224552061
775,0.7386968324873345,0,0.05285094536738061,0.014696687652265512
776,0.2532915770951269,0,0.030928924017722178,0.009628374052495982
777,-0.6559015828886057,0,0.0412465601252488,0.011174804025123008
778,0.3356140058068493,0,0.030428613874571582,0.008125069226024118
779,-0.3873259281310315,0,0.026349535277918824,0.007083993078584106
780,-0.2884981856887668,0,0.02272910569154164,0.006991421503770227
781,0.1569095100535609,0,0.020882200461588573,0.010001411780941218
782,-0.24587370986506737,0,0.020597782452234103,0.02384897847707338
783,0.44642790816147765,0,0.028556054358754336,0.0792050909751304
784,-0.3872550307566977,0,0.02580456938671656,0.2310011676628275
785,-1.2378931051827264,1,0.20752656087544546,0.759796412163646
786,-1.3127417870962177,1,0.5620447923602511,0.9332100353485194
787,-1.1312774967100778,1,0.6797324205985976,0.9720066992043198
788,2.198383111095626,1,0.9996048804196205,0.9999706715762172
789,1.2575925872206062,1,0.9612584663434386,0.9975444125836314
790,3.419887908024142,1,0.999999999346699,0.9999999999600975
791,4.535288407798509,1,0.9999999999999999,1.0
792,-2.0614340638646795,1,0.9994307836135887,0.9998342058083245
793,0.14083825465457778,1,0.5756995551865577,0.9569085705900349
794,-2.352400633286866,1,0.9997063337038773,0.999980384066146
795,-1.5552118554965342,1,0.9867238438109046,0.9989338235043856
796,-1.2601650205113388,1,0.943495164286222,0.9963477925147095
797,-2.1143097482765487,1,0.9994874971133059,0.999968360094303
798,-2.1037745457968273,1,0.9995793395662629,0.999882375293677
799,-0.2885687570405097,1,0.5889968297525113,0.9591149866075721
800,-2.433436836772814,1,0.9998562123278285,0.9999910029904935
801,1.6842539182752656,1,0.995864820136,0.9997224956405811
802,-1.8355070748350284,1,0.9973390027618669,0.9988983354424354
803,1.404784485048196,0,0.9803592283283838,0.9333343712322775
804,-0.22569222548219758,0,0.5527399962550695,0.3229468987703909
805,0.03600882095852611,0,0.2020477477030751,0.1787914781933996
806,-0.6476705922330176,0,0.12068803582348951,0.1762511621670377
807,0.8530458790638197,0,0.1571851486841672,0.22707851880514557
808,0.5597503404014581,0,0.09649355232568714,0.26914807229697313
809,0.14845793536805627,0,0.03991511067877762,0.4049863130071575
810,-2.6936050975591312,1,0.9998357009709363,0.9999612013487044
811,0.42133375544924057,1,0.6509717080930081,0.9672835798422769
812,-2.24286209203451,1,0.9994437740853193,0.9985861709746383
813,0.7311776317366804,0,0.7846362747732748,0.5355710438684574
814,0.40459736592658635,0,0.4263638168255906,0.22947058309575685
815,0.04771951924386806,0,0.14541645935630487,0.13541744342625908
816,-1.2181878316236612,0,0.3828189701128701,0.1487877217782988
817,-0.4917079893295153,0,0.17260925695643078,0.05699295435151301
818,0.3438805657999362,0,0.07389259608200795,0.027023847407533948
819,0.6064418458615779,0,0.06421518420963448,0.02265887029083999
820,0.5545849057460658,0,0.053509851038960166,0.019642650429638763
821,-0.7960065011207277,0,0.07070820907567307,0.01979698855517752
822,0.15077615340645203,0,0.03307987293662092,0.010986852785350146
823,0.5077576082414648,0,0.03665131299280036,0.013350904609348024
824,-0.8291677827911226,0,0.06580837078401035,0.01691674607333755
825,-0.003952257686618174,0,0.02996945441126178,0.0077981811677681236
826,0.13692119915422812,0,0.022411306413872355,0.006437305308715041
827,-0.15038229242336745,0,0.01990475414809067,0.008270276317394312
828,-0.9260809277006008,0,0.07176420700726582,0.018447309648664582
829,-0.16284905503686434,0,0.032226355232610936,0.008029864595954131
830,-0.163652715127512,0,0.02238793589966589,0.005534337389765727
831,-0.0740362022738771,0,0.019514617628530326,0.004930133149676201
832,-0.2817357127125348,0,0.02082802974555282,0.0052397531222122115
833,-0.22150607662073366,0,0.020248268640001243,0.005218477911772036
834,-0.01985314117348895,0,0.018982223941839592,0.00569028464121996
835,0.22122730248485556,0,0.02098165305401553,0.008987414828753105
836,-0.1522133814283336,0,0.019576997553395464,0.019725562697437013
837,-0.20482446418400094,0,0.019738824491423064,0.06613886414167307
838,0.18470807650891616,1,0.020544752083132955,0.25563298924684613
839,-3.841831851790363,1,0.9999999995727344,0.9999999996815585
840,0.9540702544529162,1,0.879582260820704,0.8722208208910656
841,-0.0011261942459176164,1,0.42742729352061,0.7137843677907612
842,0.07938705319512365,1,0.1472739487762392,0.7378274467743314
843,1.921468615188928,1,0.9791922132625566,0.9987037727307038
844,-3.9056310600964963,1,0.9999999999969708,0.9999999999998149
845,-3.9476677397179274,1,0.9999999999984718,0.9999999999945595
846,0.13690192266175977,0,0.5758424586105757,0.3465664500370797
847,-0.0035584275642578864,0,0.21256245565951895,0.1931672684339268
848,0.08508847159596611,0,0.07141889131316657,0.18969901558331365
849,-0.23106353758622278,0,0.0333473222229654,0.3233461363405668
850,1.3287073484798624,1,0.37846611156396803,0.8939712788432839
851,1.86527768598224,1,0.9884131650229613,0.9815945954037429
852,0.9679645879030541,1,0.8783203715178058,0.7000802425763226
853,-0.13041422920229157,0,0.4292792583189042,0.3063372290245552
854,-1.0538446938072015,0,0.5111257188766573,0.2296407057559783
855,0.38461810401856406,0,0.23191938721679048,0.08662825096136754
856,0.6108643331087964,0,0.14653697451816672,0.04341735922218323
857,0.32227920599199,0,0.06313196090177738,0.017950216109113692
858,-0.43982121368375326,0,0.038499831804025525,0.0110502808439976
859,0.3368971968338789,0,0.029647840866670546,0.009548935544593925
860,0.43026485398072273,0,0.030885072546705142,0.012015428311268587
861,0.7794081238995428,0,0.06660625139699122,0.018293479017725295
862,-0.4380549621139788,0,0.03952089141185964,0.010058272498567776
863,-0.11322729227206924,0,0.02375387561714987,0.006375063688880386
864,0.3736360255717276,0,0.02651366528625531,0.0067844013315168355
865,0.028705035719078894,0,0.02059930607954018,0.005869032255906029
866,-0.5586638010256374,0,0.030362947794748983,0.0079297100173655
867,0.2073081425133515,0,0.023687836044271587,0.006546247360691372
868,0.28933081690758333,0,0.02379987980754857,0.0074551948849510405
869,0.043981448165500994,0,0.02003558271732686,0.010589948489716465
870,0.10979246358997208,0,0.019652876511417058,0.027644784820696842
871,-0.12935295084286508,0,0.01910415081947534,0.09841691777506958
872,0.7391394678580296,0,0.05244380016886061,0.3981363645691059
873,-1.8013843674253531,1,0.8680818595706512,0.8339721221429229
874,-1.1746415255275577,1,0.8741118179708033,0.6453874513413069
875,0.021971027055051242,1,0.4231533312597128,0.1946148387948976
876,0.4394770138504463,0,0.19908456046811626,0.09370463563207446
877,-0.7486865850472684,0,0.1461852803127252,0.06565236231583416
878,-0.6551483748827196,0,0.0947048905562695,0.04955615987508273
879,-1.018864253867359,0,0.17384177585857372,0.049975614017373535
880,0.016347612626635394,0,0.05872487676668203,0.01704838671706332
881,-0.5591529086032719,0,0.04468193526354942,0.011459095147382652
882,-0.19227505500895836,0,0.025792974447034153,0.006814396742359415
883,0.330689094945854,0,0.02563128653565333,0.006552473682834273
884,-0.3207713603914233,0,0.02321916386785688,0.005802746247120713
885,0.11564101137168228,0,0.020488451025651118,0.005195033977708866
886,-0.14966895387586102,0,0.019439864824137034,0.005363843543827256
887,0.3360571575482184,0,0.02392266722576142,0.007110853490090758
888,0.2375640336740044,0,0.022615422933730586,0.009245055930608271
889,-0.345966848087305,0,0.02299105678027801,0.01845045940101603
890,-0.08432587670022632,0,0.019684847757186423,0.05158637888837908
891,0.5218716988602472,0,0.032315683060228466,0.19650173600880622
892,0.786753740508194,1,0.06896186140468161,0.5480625105890956
893,-2.793924115502263,1,0.9999518009961931,0.9999965322516688
894,1.3112361223427653,1,0.9696304887390483,0.9979704284843482
895,-2.1692212448724764,1,0.9996982537699038,0.9991600555640789
896,0.706256534980503,0,0.7734167379733868,0.49088127771871065
897,0.5120494199205124,0,0.4633562224310402,0.17501801366620648
898,0.1449427379592004,0,0.1672941610488511,0.04710032128508942
899,0.0786164217180967,0,0.05789294519062383,0.0154991629268168
900,-0.10451612801371,0,0.02817652056052123,0.008729272602333174
901,0.33926197570001404,0,0.026628032982719537,0.010753754428839978
902,-0.18538908473103083,0,0.021246354271622032,0.01882231498285817
903,0.11778493531994694,0,0.020030570320924392,0.05743185398097755
904,0.43596718325972555,0,0.027875861010493403,0.21731151698362436
905,-1.1236130870511793,1,0.14477601600735535,0.6748248533168008
906,-1.2323854799813891,1,0.39608760465268217,0.9147888665719534
907,-2.388730961448918,1,0.9996138839930738,0.9999763640772839
908,-2.1289454922523445,1,0.999650427231318,0.9999786416996763
909,-3.6567906228830047,1,0.9999999999271812,0.9999999999951988
910,1.4596575780310592,1,0.9853582770335281,0.999093243733917
911,3.6178290841655416,1,0.9999999999515825,0.9999999999822087
912,0.7126644717351528,0,0.7766452558690573,0.9427832272562717
913,-0.8130422443132582,0,0.5959495045727908,0.9324790072492286
914,1.4497093431124,1,0.9343645956642295,0.9628017725731949
915,0.7110531749617782,0,0.7158235506116583,0.8786452527954222
916,-0.913619961477328,1,0.6176292812502624,0.8517443002247432
917,0.20289486130009893,1,0.2535944912655889,0.8476215544167829
918,-4.015786101609341,1,0.9999999999914926,0.999999999998288
919,0.533472335953283,1,0.6959705180229581,0.973826203355975
920,-2.127119458869435,1,0.9988417711207234,0.9997257665019169
921,0.39927003582302906,1,0.641778036806415,0.9670318337197634
922,-3.1224058443777607,1,0.9999998433386661,0.9999999861532411
923,1.0857164489551918,1,0.9227188061591886,0.994900147418579
924,2.0490253508533796,1,0.9994830302784415,0.9999662690755435
925,-1.5663597234303352,1,0.9874709382019061,0.999225158883772
926,-2.273845162820869,1,0.9998766606980087,0.9999924657797927
927,-4.312046085099962,1,0.999999999999992,0.9999999999999681
928,-0.13320676703758852,0,0.566475018529636,0.26279208920483166
929,-0.29079696714080255,0,0.22648899883608828,0.08990969937123376
930,-0.7755097061740274,0,0.17213029889389866,0.0497577295320909
931,0.22650937815608582,0,0.06508388842297315,0.017372870086751157
932,-0.22498519093232458,0,0.031555850147383366,0.009004455038788557
933,-0.5378679793226162,0,0.0331947759169715,0.008844374423188542
934,-0.27728620282022354,0,0.02429592589005313,0.007197325127222496
935,0.5356522694648078,0,0.035061100667774486,0.00919365262573201
936,0.3014684718776111,0,0.02739528403718606,0.006904331251626593
937,-0.06501303074924492,0,0.02067326836947209,0.005573948030765303
938,0.3095525092324263,0,0.0235003087066213,0.006685916984466361
939,-0.5804559781933695,0,0.03269973004132473,0.0081299205094803
940,0.016185050363515266,0,0.02201387935424669,0.0055036431195386
941,0.07366116524323528,0,0.019808653571348783,0.005146511554535935
942,-0.23491825424936344,0,0.020173004621928937,0.005834794323543135
943,0.21772916797870892,0,0.021227010721572976,0.00824624183120649
944,-0.3902167273222256,0,0.023775676483980334,0.016500056367190732
945,0.25491035388805894,0,0.022963592563276493,0.042848672933391334
946,0.27592938576564596,0,0.02324933416861378,0.14083987529874578
947,-1.458579940348533,0,0.4131850285696381,0.49434722824600624
948,0.5951528517550588,0,0.2460329916645535,0.4710991619581018
949,-1.523816282676377,0,0.8096289093079306,0.5273918786242735
950,-0.30802451277806264,0,0.3948142397671138,0.16031693683502624
951,0.5126740171288775,0,0.20526820092645875,0.06544692105097866
952,-0.15864336262622034,0,0.06912600244581861,0.02610836720436725
953,-0.733092991234771,0,0.06914494109422141,0.023510749247743493
954,-0.5468685308583353,0,0.04765283782915485,0.018647196797022363
955,0.5134528731603099,0,0.042811587201380244,0.02151737321782938
956,-0.9607522652743191,0,0.1005337422895541,0.032148114162604234
957,0.5644955504810086,0,0.07092021405548161,0.019041013718390176
958,-0.02755104952114467,0,0.031180317724890824,0.009494412953588832
959,-0.5961976652212168,0,0.03671998775319783,0.010575276450454254
960,-0.29155753615134555,0,0.025524790276790534,0.009504275347993358
961,-0.5086121705508206,0,0.029565172550379718,0.01588460781430171
962,0.4331126004292643,0,0.030998373608223852,0.03145023272643053
963,0.36621390488141914,0,0.028485832906539603,0.07570760131562358
964,-0.8595805669380233,0,0.06555933884769934,0.22047125215093868
965,-0.8071842370386682,1,0.08027271796096422,0.39800580437855687
966,-1.7263713246885541,1,0.8407830603134903,0.6675707143195942
967,0.6467549842296851,0,0.5950633634159591,0.3513671483510932
968,-0.6750495590632105,0,0.3688805985893826,0.18473988095034327
969,0.802114552342507,0,0.3247219954993795,0.10808498809265976
970,-0.016647369758468783,0,0.10578377332696019,0.03293265132033122
971,-0.5809672031900438,0,0.06548545521603981,0.01811028271734934
972,-0.33863709200463893,0,0.034794609990473825,0.010232956052242335
973,-0.4008094203842253,0,0.028077402684953952,0.009932341762351981
974,-0.637309201007753,0,0.03847531028774207,0.014650378370208814
975,0.04741342986518783,0,0.023571883457853056,0.018832087373028626
976,-0.6139577753459217,0,0.034883843492598765,0.051621833370757916
977,-1.0901831043690944,0,0.13900023524323069,0.12321834462876312
978,-0.18983823542408654,0,0.05072211824994203,0.1353379772528398
979,-0.9014280982089413,0,0.0910685216553292,0.27485981052610553
980,-0.3760804340337602,0,0.04396143703316724,0.42562301969273003
981,-1.8182057772067117,1,0.8706916850149434,0.9907895734946951
982,-1.7424321440516284,1,0.9917760703909243,0.9994937880599633
983,4.001926203180307,1,0.9999999999997452,0.9999999999990422
984,0.11282313433914153,1,0.5724541983245468,0.309640678692572
985,0.4907420179906643,1,0.303952918196762,0.14696233535587822
986,-0.8881991481711473,0,0.2811229918565019,0.09013218616329616
987,-0.32698156681846097,0,0.10393691079301817,0.028571931489261633
988,0.10765131497075599,0,0.04099067521352279,0.011991208806484029
989,-0.5122644564565032,0,0.03507850781744297,0.010302413208955237
990,0.4540314217589927,0,0.03404210755810105,0.009918502367685867
991,-0.6013482929505151,0,0.038230624854988085,0.009608227307758895
992,-0.1431830679325878,0,0.023661271817076165,0.006000840554758215
993,-0.2930258199877793,0,0.022114136912663212,0.005528956632852754
994,0.08216032969095799,0,0.019900465895223013,0.005152169606683544
995,-0.320245035927713,0,0.02167142688393399,0.005766014150240248
996,-0.13544681353546867,0,0.019621502423977845,0.006458163787342317
997,-0.11806504588899278,0,0.01903311842958958,0.01141902335976702
998,-0.3671938786956505,0,0.022527125302716274,0.03304787556039789
999,0.9701877369942253,1,0.1068175922731073,0.1068175922731073
