t,y1,y2,spread,regime
0,100.0,100.0,0.0,0
1,99.5840063575038,99.19253318450885,0.39147317299494944,0
2,99.86461317717664,99.56400099363866,0.3006121835379787,0
3,100.22580845455623,99.9804499168003,0.24535853775593353,0
4,99.43312645220689,100.39062080415644,-0.9574943519495491,0
5,98.96012936705944,100.6900672832596,-1.7299379162001571,0
6,99.09776242413636,100.46440190480023,-1.3666394806638635,0
7,99.03959736123213,99.5586762326247,-0.5190788713925798,0
8,99.05883084180005,99.321099161743,-0.2622683199429616,0
9,98.73072668676777,99.26565963428571,-0.5349329475179445,0
10,99.1092325240888,99.25479289717332,-0.1455603730845212,0
11,99.4276273169146,99.04947390186418,0.37815341505042,0
12,99.43513192518657,99.24391681199594,0.1912151131906228,0
13,99.87646765231425,99.17749471333578,0.6989729389784713,0
14,100.02852274226615,98.97206157383135,1.0564611684347938,0
15,99.63198269869112,99.10129928817653,0.5306834105145839,0
16,99.75294884179839,98.99065688184444,0.7622919599539415,0
17,99.33128120346909,99.03400365722125,0.297277546247841,0
18,99.6677974466796,99.37822448251141,0.2895729641681868,0
19,99.6333484340767,98.74602752012714,0.8873209139495515,0
20,99.51503744296112,98.52603952205045,0.9889979209106627,0
21,99.193215729154,99.32530306767657,-0.1320873385225667,0
22,99.68883663154975,98.8670198533692,0.8218167781805477,0
23,99.5859339998132,97.70989043157893,1.876043568234266,0
24,99.32080069253624,96.7547435332253,2.566057159310944,0
25,99.0516444143754,96.96462668158289,2.0870177327925177,0
26,99.16021720195711,97.28684003037164,1.8733771715854743,0
27,99.21272596912347,97.47264151581439,1.7400844533090805,0
28,99.29081479109641,98.41589979669855,0.8749149943978551,0
29,99.41939744257967,97.0511061498994,2.3682912926802686,0
30,100.15764191829383,97.90004995371719,2.2575919645766476,0
31,99.88219631351116,98.94636471399987,0.9358315995112889,0
32,99.63050764190697,98.30224361337761,1.328264028529361,0
33,99.23858534918135,98.07120353281604,1.1673818163653067,0
34,99.42660802739329,97.86789014195156,1.5587178854417232,0
35,99.80026105020956,97.71508589139414,2.0851751588154173,0
36,99.65042330920683,97.71635239498318,1.9340709142236534,0
37,99.21765717271063,98.57557182348376,0.6420853492268748,0
38,98.85576041897279,99.54302684632724,-0.6872664273544444,0
39,99.1503608554704,99.39912754776458,-0.2487666922941827,0
40,99.46010085856648,100.59842360090529,-1.138322742338815,0
41,99.7342787030055,100.60272177259272,-0.8684430695872152,0
42,99.51149697356938,101.399834488848,-1.8883375152786215,0
43,99.69877837856,101.1993890318659,-1.5006106533059125,0
44,99.82048323488158,101.14534413093139,-1.3248608960498132,0
45,99.97420171837567,101.26140624468034,-1.2872045263046772,0
46,100.38713345587017,103.10900285627086,-2.721869400400692,0
47,100.61266514540007,103.36430792387736,-2.75164277847729,0
48,101.02181270955269,102.80653567084711,-1.7847229612944204,0
49,101.13808048541297,103.19484663995307,-2.0567661545400995,0
50,101.35656655261597,102.83411177137951,-1.477545218763538,0
51,101.68295910388957,102.51967399113174,-0.8367148872421666,0
52,101.14193252030941,102.6937647282306,-1.5518322079211941,0
53,101.09165564416254,102.49883294495856,-1.4071773007960218,0
54,100.97386544748522,102.43289482836029,-1.4590293808750658,0
55,100.79126577723164,102.17999850841566,-1.388732731184021,0
56,100.75064551330017,102.18424753347911,-1.4336020201789381,0
57,101.42030213880288,102.55321174478121,-1.1329096059783268,0
58,101.1306151728245,101.17542196998497,-0.04480679716046154,0
59,101.52016685451912,101.72675327360324,-0.20658641908411823,0
60,100.857348266827,100.84110598012667,0.016242286700332897,0
61,100.72258214049768,99.95693149205132,0.7656506484463534,0
62,100.74940083411737,100.02935964342267,0.7200411906947011,0
63,100.94788770712634,100.2549514448784,0.6929362622479402,0
64,101.19773152593109,100.05532822538002,1.1424033005510665,0
65,101.4579502549835,100.78802337776462,0.6699268772188844,0
66,101.28496388222318,100.02403344866008,1.2609304335631037,0
67,101.03697664347919,99.83398341250134,1.202993230977853,0
68,101.32001733443316,99.77395777510097,1.5460595593321926,0
69,101.1661926265139,99.86746409847727,1.2987285280366336,0
70,100.5909816707769,99.92732515688016,0.6636565138967399,0
71,100.10448395948067,99.21281795246261,0.8916660070180598,0
72,99.69211974472913,99.55103612504377,0.14108361968536087,0
73,99.88392986136637,99.69069367830393,0.19323618306243873,0
74,99.93123834664148,98.65277291029798,1.2784654363434953,0
75,100.1435092164514,97.78388052493189,2.359628691519518,0
76,99.85462672334081,97.93588680386786,1.918739919472955,0
77,99.82210560379785,98.02982430820795,1.792281295589902,0
78,99.9827276966053,98.26246480834875,1.720262888256542,0
79,99.77297593630438,98.3627925826831,1.410183353621278,0
80,99.88517686364628,98.71513268471,1.1700441789362799,0
81,99.5619042782728,99.25539050043669,0.3065137778361162,0
82,99.40135705075497,98.58473627271553,0.8166207780394359,0
83,99.20783085425366,97.9268917423507,1.2809391119029527,0
84,98.66544804042289,97.21395582460507,1.4514922158178223,0
85,98.78766242194622,97.61212545358123,1.1755369683649946,0
86,98.54112463744688,98.3577491940965,0.18337544335038558,0
87,98.53695351277044,98.13145272025022,0.40550079252021476,0
88,98.70897713670679,96.82665546719177,1.8823216695150222,0
89,98.79347352364302,96.11995989148143,2.673513632161587,0
90,98.92595188562404,96.03028074265568,2.895671142968368,0
91,98.74177413467186,95.9828968000142,2.7588773346576545,0
92,98.43451094312131,95.94884408474134,2.4856668583799717,0
93,98.27834031583976,96.20514392000389,2.073196395835865,0
94,97.49974672246475,95.93031113395338,1.569435588511368,0
95,96.84242995406994,96.42737816182652,0.4150517922434176,0
96,96.29259751951601,95.84386976559165,0.44872775392435926,0
97,95.8712624007792,95.21567876863807,0.6555836321411306,0
98,95.99839290986152,95.627287381939,0.3711055279225235,0
99,95.61764601132137,94.6224662028579,0.995179808463476,0
100,95.41662199928244,94.87696024048022,0.5396617588022252,0
101,95.90933023045676,95.2234852112739,0.6858450191828638,0
102,95.73253239107305,95.14355149574865,0.5889808953243971,0
103,95.99808957369366,96.24427369237532,-0.24618411868165424,0
104,95.6369517076238,95.6954752540173,-0.0585235463935021,0
105,95.55770286179641,96.83188365384409,-1.274180792047673,0
106,95.24140307943456,96.40443286676486,-1.1630297873303022,0
107,95.16394133844085,95.49618630574301,-0.33224496730215947,0
108,95.51667684178892,95.65423669130969,-0.13755984952076972,0
109,94.83262666498803,94.71355953803045,0.11906712695757449,0
110,95.0004427660585,94.37338488269023,0.6270578833682663,0
111,95.064184112823,94.7061304569385,0.358053655884504,0
112,94.80862144775006,94.9529837508826,-0.14436230313253873,0
113,94.2374164211513,94.32215101130264,-0.0847345901513421,0
114,94.2705049537444,94.89181554900033,-0.6213105952559204,0
115,94.08977339988168,95.39689101763561,-1.3071176177539314,0
116,94.24819976531126,96.1301477042939,-1.8819479389826483,0
117,94.35103802046976,96.24890321827762,-1.8978651978078602,0
118,95.08664283688852,97.12781375701218,-2.041170920123662,0
119,95.09295913190549,95.80411224180997,-0.7111531099044868,0
120,94.71911779035197,95.36680927067327,-0.6476914803212992,0
121,94.82321261835057,94.8380675558284,-0.014854937477835506,0
122,94.91195403881316,94.9444219988468,-0.032467960033642385,0
123,95.45725246691102,94.85875227930019,0.5985001876108242,0
124,95.76137195589631,94.97381963489069,0.7875523210056201,0
125,95.86474276350583,96.19409989892749,-0.32935713542165956,0
126,96.46653177676474,96.3274172855677,0.13911449119703434,0
127,95.98407083047574,96.36419101247704,-0.38012018200129205,0
128,95.74717622647591,96.07808122692101,-0.3309050004450995,0
129,95.39309109993596,95.92154258149363,-0.5284514815576671,0
130,95.26358975275153,95.80197539716804,-0.5383856444165076,0
131,94.73983457594983,95.7569376670485,-1.0171030910986758,0
132,95.04475010923052,96.43653405228424,-1.3917839430537242,0
133,95.0254502275437,97.20026380119677,-2.1748135736530685,0
134,94.54586838842529,96.89525255102843,-2.349384162603144,0
135,94.25710596407244,96.81494503154835,-2.5578390674759106,0
136,94.51040345642632,95.95688075484284,-1.446477298416525,0
137,94.9179779485049,95.91279836553232,-0.9948204170274266,0
138,95.76641132603298,96.7109152730732,-0.9445039470402179,0
139,96.97918150978792,97.63660898108077,-0.6574274712928485,0
140,97.17781665666296,97.76657762364991,-0.5887609669869533,0
141,96.81143945699955,98.03692423290411,-1.2254847759045617,0
142,96.01989518350226,97.81150438625777,-1.7916092027555095,0
143,96.21656022857756,98.3675430452799,-2.1509828167023386,0
144,95.99893293128855,98.17173399232001,-2.172801061031464,0
145,95.94143008026825,97.67610083912382,-1.7346707588555716,0
146,95.7833248985871,97.58467962367243,-1.8013547250853321,0
147,95.8170762802748,95.70183647646215,0.1152398038126563,0
148,96.23770638239922,96.12438672654585,0.113319655853374,0
149,96.2948598265847,94.07576902411651,2.2190908024681875,0
150,96.12045135164581,93.28267624977737,2.837775101868445,0
151,95.56430109542207,93.6386119514997,1.9256891439223693,0
152,94.7981434603442,93.80305830863242,0.9950851517117911,0
153,94.55386603912929,93.14969957083194,1.4041664682973476,0
154,94.4621446953871,92.87285412661996,1.5892905687671401,0
155,95.0898521323807,94.1344582336537,0.9553938987269959,0
156,95.0941922460335,93.97640584708702,1.1177863989464782,0
157,95.4313987304954,95.54884336595916,-0.11744463546375528,0
158,95.23755272285293,95.4461268407522,-0.20857411789927482,0
159,94.77400392218108,95.44552457384121,-0.6715206516601313,0
160,94.42153324987113,96.13009141497054,-1.7085581650994044,0
161,94.2168707323118,95.90369004839548,-1.686819316083671,0
162,95.15259959109005,95.54442753873428,-0.3918279476442308,0
163,94.84363631678251,95.29459115112381,-0.450954834341303,0
164,95.20157973999412,95.38004143801639,-0.17846169802227507,0
165,94.84933195366042,94.41854003905354,0.4307919146068855,0
166,95.20042156307977,94.48287342773257,0.7175481353472009,0
167,95.31852454275476,94.19911573509881,1.1194088076559439,0
168,95.19989894330872,94.81193045471491,0.3879684885938133,0
169,95.16419550842485,94.8632006230418,0.30099488538304797,0
170,94.88723068598395,94.61357635573926,0.2736543302446961,0
171,95.05197685006455,94.66046012136869,0.39151672869586207,0
172,94.85040762149345,94.74542167181109,0.10498594968235864,0
173,94.35491601850242,94.88835317634604,-0.5334371578436219,0
174,93.87041284666675,94.03278188614597,-0.16236903947921633,0
175,93.94756646572957,93.45144404270692,0.49612242302264065,0
176,94.55439684714261,94.41757079630086,0.13682605084174781,0
177,94.6115521900299,94.2240453078768,0.38750688215309026,0
178,94.54472151547829,93.43049236878487,1.1142291466934182,0
179,94.60334051398463,93.84738619352323,0.7559543204613988,0
180,95.08794349464429,94.42327791271313,0.6646655819311604,0
181,95.14246321609328,93.65310774708922,1.4893554690040531,0
182,94.90362455030957,93.85942335507305,1.0442011952365249,0
183,95.2939299745717,94.58399637106764,0.7099336035040551,0
184,95.42993586978113,94.94645103799833,0.4834848317828033,0
185,96.02006402499039,95.63295874689368,0.3871052780967119,0
186,96.07400253597432,94.90089906819898,1.1731034677753343,0
187,95.52555974989735,94.98728029792323,0.5382794519741196,0
188,94.95138209760039,94.6216310762471,0.3297510213532888,0
189,95.59526571942523,94.6754417311046,0.9198239883206298,0
190,96.23874080832252,95.57595823338099,0.6627825749415308,0
191,96.1337939942624,96.45660579971768,-0.32281180545527377,0
192,95.99665965608078,97.38238286352684,-1.3857232074460626,0
193,96.65052353334997,98.25941857796246,-1.6088950446124954,0
194,96.2881500127632,97.83645300817793,-1.5483029954147298,0
195,96.0076743549516,97.72245599960901,-1.714781644657407,0
196,96.3507441550601,98.10567809695016,-1.7549339418900587,0
197,96.28064880301076,97.92851361835687,-1.6478648153461108,0
198,96.36099329709003,97.83764985180682,-1.476656554716783,0
199,96.36944896541607,98.13205071747272,-1.7626017520566535,0
200,96.59260887253848,97.98262273704614,-1.3900138645076652,0
201,97.22510231028934,97.67955084701899,-0.45444853672964314,0
202,97.28405869988653,97.41318201332896,-0.12912331344243455,0
203,97.54809038286939,97.8790058404777,-0.3309154576083131,0
204,96.74456731533739,97.47859656722143,-0.7340292518840386,0
205,96.76178141715954,97.59114810987433,-0.8293666927147854,0
206,96.46595764367812,97.73995890626558,-1.2740012625874613,0
207,96.04213248263804,97.17862684966589,-1.1364943670278507,0
208,95.74769625421793,97.33975884848756,-1.5920625942696347,0
209,95.69365000765109,97.33724605609794,-1.6435960484468524,0
210,96.14219082701584,96.63098694286082,-0.48879611584497695,0
211,95.63607354571226,97.16887929050561,-1.5328057447933503,0
212,95.72496642998969,96.73450436010936,-1.009537930119663,0
213,95.58177555316225,95.59908387112915,-0.017308317966907794,0
214,95.45157173131581,94.94022698528617,0.5113447460296356,0
215,95.82710762413618,94.5874488653311,1.2396587588050778,0
216,95.9803708609975,94.83813762423358,1.1422332367639143,0
217,96.4582184421364,95.03635056770862,1.4218678744277753,0
218,96.32532277671505,94.95793600195276,1.367386774762295,0
219,95.97857639330866,95.32409980816958,0.6544765851390792,0
220,95.8563090372995,95.54378513802747,0.31252389927202273,0
221,95.93768155884439,95.79958122238266,0.1381003364617328,0
222,96.00140588540279,96.07974531933174,-0.07833943392894582,0
223,95.57156762820588,96.22937453083244,-0.6578069026265609,0
224,95.64065388598836,94.97336640477519,0.6672874812131653,0
225,95.69858084398327,94.87258509112294,0.8259957528603223,0
226,96.66427067135382,94.16045728446092,2.503813386892901,0
227,97.28981784652184,94.7693100398445,2.520507806677344,0
228,96.82249511596444,94.86512527311731,1.957369842847129,0
229,96.60967327920241,95.60755778628427,1.0021154929181364,0
230,95.9741907038217,96.12410837774604,-0.1499176739243353,0
231,95.74540378193252,96.11885038839847,-0.3734466064659472,0
232,95.89031811369196,95.85192620044286,0.038391913249100185,0
233,96.3707399663848,96.35050756608392,0.020232400300884024,0
234,96.07809481127232,95.91913491770231,0.15895989357001383,0
235,95.8084882405667,95.81648744496367,-0.007999204396966775,0
236,94.94997258889109,95.9936039535849,-1.043631364693809,0
237,94.93708778890782,95.5407129799976,-0.6036251910897761,0
238,94.54230328371848,95.7502569293845,-1.2079536456660236,0
239,94.39092519505536,95.92188230030546,-1.5309571052500957,0
240,94.11672873905083,95.06446364357835,-0.9477349045275218,0
241,94.12641046257617,95.51014436552195,-1.383733902945778,0
242,93.49250580118081,95.45521375776745,-1.962707956586641,0
243,93.00382310085375,95.05321347770081,-2.0493903768470574,0
244,93.95799146450743,94.79521278171781,-0.8372213172103784,0
245,93.48488349785833,93.98797640343987,-0.5030929055815392,0
246,93.07132391175556,93.43250726321429,-0.3611833514587346,0
247,93.82414849065702,94.03759464056985,-0.2134461499128264,0
248,94.99684766584883,93.99219713061494,1.0046505352338926,0
249,94.477988487557,94.13219624198491,0.34579224557208477,0
250,94.31339929256318,93.38975508777628,0.9236442047868962,0
251,94.40383930270004,93.42679809393994,0.9770412087600988,0
252,95.04646630002426,93.89842616567024,1.1480401343540194,0
253,94.59432146193527,95.23509920375136,-0.6407777418160947,0
254,94.52824921064922,94.33854617938448,0.18970303126474164,0
255,94.82969908951068,95.3399646862211,-0.5102655967104113,0
256,95.02911879913285,95.45296035159649,-0.4238415524636423,0
257,94.89984844826398,95.57820791019904,-0.6783594619350595,0
258,94.88023723555432,95.5540218587848,-0.6737846232304747,0
259,94.36396814336786,95.49370755843387,-1.1297394150660125,0
260,94.32518561653129,95.24989859557695,-0.9247129790456654,0
261,94.26486626947998,95.94172283082258,-1.6768565613426034,0
262,94.44157705339761,95.55456032354608,-1.1129832701484759,0
263,94.27509532937742,95.99135286330461,-1.716257533927191,0
264,94.54952361509184,95.53579181032481,-0.9862681952329666,0
265,95.00392335198143,95.58496787906512,-0.5810445270836908,0
266,95.095147309403,94.94128844468871,0.15385886471429444,0
267,95.22815692952697,95.28042946332044,-0.05227253379347019,0
268,95.25203269524779,96.11190755328356,-0.8598748580357665,0
269,95.29506019538614,95.98165940279465,-0.6865992074085057,0
270,95.04076694233943,95.67042884430087,-0.6296619019614411,0
271,95.19884774210682,95.02646553182504,0.17238221028178202,0
272,95.15131399222733,94.89495341464651,0.2563605775808213,0
273,95.97576328692053,94.38570243752795,1.5900608493925716,0
274,96.52560220544099,94.30541434632775,2.2201878591132385,0
275,96.56893143350793,94.72668957152996,1.8422418619779677,0
276,96.17159645653112,95.5285184978898,0.6430779586413138,0
277,95.69447796980569,97.00048204814077,-1.3060040783350786,0
278,96.23623535495798,96.74854746729388,-0.5123121123358914,0
279,96.36695065063364,97.56612456772115,-1.1991739170875064,0
280,96.61896670784466,97.67214801652153,-1.0531813086768693,0
281,95.97379137848883,97.16623577238643,-1.1924443938976026,0
282,96.40438899080698,97.46153154316737,-1.0571425523603892,0
283,96.63901425371074,97.47305168540764,-0.834037431696899,0
284,96.23654385152979,97.25295690524156,-1.0164130537117728,0
285,96.0987545812354,96.83272612777404,-0.7339715465386405,0
286,96.24094004030493,96.00657110248724,0.23436893781769186,0
287,96.25020831275654,95.15593726418454,1.094271048571997,0
288,96.07862628600652,95.58666709696931,0.49195918903721747,0
289,96.01263301932828,95.45886208984014,0.5537709294881381,0
290,95.88415352157112,95.12770371336481,0.7564498082063125,0
291,95.9073560360018,95.23567825682218,0.6716777791796176,0
292,96.46236893624008,96.02270481299506,0.4396641232450236,0
293,95.41372235370531,95.70790644741693,-0.29418409371162113,0
294,95.33369145258702,95.26035307702706,0.07333837555995615,0
295,95.400629502358,96.00134450411909,-0.6007150017610883,0
296,95.5490628483209,96.89842009664876,-1.3493572483278626,0
297,95.46776487820878,96.97960593567862,-1.5118410574698373,0
298,94.84066821809084,97.06950138456173,-2.228833166470892,0
299,95.08330806990003,97.61650985151459,-2.533201781614565,0
300,95.90090824464643,98.32094033555035,-2.4200320909039164,0
301,95.40836528722517,98.15433004073842,-2.745964753513249,0
302,95.8911947303801,98.37769463040685,-2.486499900026743,0
303,95.88410963613228,98.36734485564968,-2.483235219517397,0
304,95.98374165877661,97.47990689648347,-1.4961652377068617,0
305,95.63739051638038,97.54183701398748,-1.904446497607097,0
306,95.59883037231839,96.51517179507087,-0.9163414227524811,0
307,96.1646652813356,96.20274593804044,-0.03808065670483529,0
308,96.39963141096592,97.04992890779566,-0.6502974968297366,0
309,97.1250709279714,97.77762661769543,-0.6525556897240392,0
310,97.62866346804867,98.77563771073014,-1.1469742426814662,0
311,97.86164685175457,98.58447938189725,-0.7228325301426821,0
312,98.59536228872882,98.16659913990449,0.42876314882433064,0
313,98.74952139478293,98.15087674270129,0.5986446520816457,0
314,99.05078443289767,98.41817807225844,0.6326063606392296,0
315,98.90052573345183,98.47326619647792,0.4272595369739065,0
316,98.90578108294682,99.17684774737026,-0.2710666644234436,0
317,98.64036488684788,98.81742678029985,-0.17706189345197743,0
318,99.04505155535841,99.17933738892349,-0.13428583356507318,0
319,98.58044439779071,98.38796003734785,0.19248436044286166,0
320,98.88376031673563,98.80577671778813,0.07798359894749751,0
321,98.8036007137862,98.78103710806094,0.022563605725252955,0
322,99.27097137088685,98.56495214317664,0.7060192277102146,0
323,99.53601800499385,98.63573035986504,0.9002876451288131,0
324,100.21926208579613,98.94805995402368,1.271202131772455,0
325,100.44801185566297,99.05209267060276,1.3959191850602082,0
326,99.74939979414866,99.92256845314265,-0.17316865899398692,0
327,99.73127695793907,99.83685311562701,-0.10557615768793482,0
328,99.26775288878554,99.47573696884838,-0.2079840800628432,0
329,99.07084015584216,98.16114377430787,0.9096963815342889,0
330,99.62984671007614,98.01232286210204,1.6175238479740983,0
331,99.8039840420365,98.13825770139708,1.6657263406394236,0
332,99.44112555357303,97.78646580579587,1.6546597477771599,0
333,98.95290561960802,98.56030167754544,0.3926039420625784,0
334,98.9463882596554,98.51105848262245,0.4353297770329476,0
335,98.4379977110513,99.07306912039608,-0.6350714093447891,0
336,98.2012951705599,98.92407421112806,-0.722779040568156,0
337,98.36223791120881,98.92926586747835,-0.5670279562695413,0
338,98.85271412346496,99.02969539089888,-0.1769812674339164,0
339,99.10506777572644,99.12374716509999,-0.01867938937354552,0
340,98.18948594175588,99.69322267418026,-1.503736732424386,0
341,98.38641946998919,98.26997444959812,0.11644502039106897,0
342,98.40941064826266,97.1489732253895,1.2604374228731672,0
343,98.51194489126809,97.03862604975751,1.4733188415105758,0
344,99.08476282185305,97.48519090626206,1.5995719155909853,0
345,98.1794889153516,97.66875580630851,0.5107331090430876,0
346,97.917510889823,97.88420835501057,0.03330253481243517,0
347,98.15220829219973,97.773973403026,0.3782348891737257,0
348,97.50065878795947,98.11037333620568,-0.6097145482462167,0
349,98.12152413459319,98.90471897814285,-0.7831948435496656,0
350,98.30802652185093,98.99805167242064,-0.6900251505697099,0
351,98.68116137371678,99.63242435237713,-0.9512629786603526,0
352,98.50034705804107,99.5905803983583,-1.0902333403172264,0
353,98.88036420104342,99.30666212641343,-0.4262979253700081,0
354,99.32906771970754,99.85576211683303,-0.526694397125496,0
355,99.44855364761868,99.90832163703654,-0.45976798941785546,0
356,99.56530240416905,99.90530387818632,-0.34000147401727077,0
357,99.6904397735826,100.76303040648256,-1.07259063289996,0
358,99.39873119933185,99.09757939489472,0.30115180443712575,0
359,99.32466213701385,98.28970870980909,1.034953427204755,0
360,99.21190545267267,97.6863141879514,1.525591264721271,0
361,99.288983435178,97.69996706677836,1.5890163683996406,0
362,99.60946231552214,97.89310863957768,1.716353675944461,0
363,99.10023019893355,97.01146929758887,2.0887609013446706,0
364,98.94578854173848,96.63397524229858,2.3118132994399048,0
365,99.42278009583008,96.63910419680687,2.7836758990232084,0
366,98.98616100935389,98.1901658110855,0.7959951982683862,0
367,98.61746124252434,99.15301169267609,-0.5355504501517458,0
368,98.72516124176441,98.90020141577654,-0.1750401740121248,0
369,99.07166732665914,98.8265849205004,0.245082406158744,0
370,99.06398362857547,98.1953874051114,0.868596223464067,0
371,99.55213805357707,97.42931569218158,2.1228223613954924,0
372,99.7887145285339,97.7289228901727,2.0597916383612045,0
373,100.02245297337187,97.51529559163215,2.5071573817397166,0
374,100.11874170481452,97.81718695099639,2.301554753818138,0
375,100.93472520726205,97.55042053059694,3.38430467666511,0
376,100.68344529788237,97.4157955105112,3.2676497873711696,0
377,99.71865389168721,97.4669952042376,2.2516586874496056,0
378,100.24777270192159,98.19053187281239,2.0572408291092046,0
379,99.9618308880834,98.55281577831288,1.4090151097705217,0
380,99.93453231033209,97.9573360450557,1.9771962652763904,0
381,100.35949277101248,98.87996572857902,1.4795270424334603,0
382,99.64461260246723,98.28149973133924,1.3631128711279956,0
383,99.07579807326837,98.55473930411547,0.5210587691529014,0
384,98.40923395996319,98.312525961943,0.09670799802019303,0
385,98.08674404405201,97.39145823451403,0.6952858095379781,0
386,98.22783439598192,97.35914137307206,0.8686930229098522,0
387,98.39407488196153,97.74948536486795,0.6445895170935785,0
388,98.47235507783827,98.21451269218416,0.257842385654115,0
389,97.89435660499862,97.9053027422704,-0.010946137271773182,0
390,96.97086253720916,98.36512386893772,-1.3942613317285577,0
391,97.06231703795174,98.81214379331146,-1.7498267553597202,0
392,96.96109796226439,98.40534197801733,-1.4442440157529433,0
393,97.21706447173868,98.77294937681224,-1.5558849050735546,0
394,97.57564016748087,99.85054538680413,-2.2749052193232586,0
395,97.7446820012705,100.77004819131908,-3.0253661900485724,0
396,98.20000354492328,99.90147319229072,-1.7014696473674462,0
397,98.37676157693768,99.24227052120852,-0.865508944270843,0
398,98.63206290639181,100.10104461874126,-1.4689817123494464,0
399,98.42364268686133,99.22158379188329,-0.7979411050219625,0
400,98.39169517657984,98.35248532737144,0.039209849208404535,0
401,98.46844512278221,98.11354622522694,0.35489889755527315,0
402,98.77891156807142,98.53725367954776,0.24165788852366177,0
403,98.6093322047554,98.43193791788032,0.17739428687508507,0
404,98.8089293927045,98.17112856828723,0.637800824417269,0
405,98.67070383471749,97.80116304979049,0.8695407849269969,0
406,98.58020992853989,97.4592437879448,1.1209661405950868,0
407,98.85596923831976,97.21725460188779,1.6387146364319705,0
408,97.9768093580765,98.32829862566646,-0.3514892675899688,0
409,97.47579489022608,98.23006916404968,-0.7542742738235972,0
410,96.92063444494013,98.39539689965247,-1.4747624547123337,0
411,96.06092611973642,97.5479396509875,-1.4870135312510797,0
412,95.8639710202369,97.17071588015466,-1.3067448599177567,0
413,96.22908182312389,96.76652722702009,-0.5374454038962,0
414,96.14200046676567,95.14376243583952,0.9982380309261458,0
415,96.1712045979961,94.49046621222082,1.6807383857752711,0
416,96.52285467739165,93.81826711761563,2.704587559776016,0
417,96.91869975230992,93.04001521310144,3.8786845392084786,0
418,96.69711035145905,92.73125896756248,3.965851383896563,0
419,97.04025213809197,94.12984586369592,2.9104062743960526,0
420,96.93158248774581,94.41203564825331,2.519546839492506,0
421,96.47064585624021,95.2519302707974,1.2187155854428084,0
422,96.17194993608858,95.50204120066897,0.6699087354196109,0
423,95.54623989429159,95.75044362670793,-0.20420373241634593,0
424,95.20119653941894,95.05451858363838,0.14667795578056086,0
425,95.05065596640014,95.30463378825756,-0.25397782185741846,0
426,95.38478886524446,95.8409707542684,-0.45618188902393797,0
427,96.09590589216205,95.77503926050429,0.32086663165776486,0
428,95.52698995442834,95.87859374748587,-0.3516037930575209,0
429,95.70170113138519,96.23820753142705,-0.5365064000418585,0
430,95.31230887572427,95.68271510925206,-0.37040623352778823,0
431,95.52070802278594,95.08848826882861,0.4322197539573267,0
432,95.44666237481299,94.43036278591683,1.0162995888961603,0
433,94.66348506502916,94.2519423127011,0.41154275232806015,0
434,95.01422672404016,94.64735856626925,0.3668681577709094,0
435,94.75388303102812,94.12153237905517,0.6323506519729563,0
436,94.50870540308006,94.10388188090964,0.4048235221704175,0
437,94.06056326245566,94.27836338587419,-0.2178001234185274,0
438,93.80973995795156,94.49264219773129,-0.6829022397797218,0
439,94.01504124621852,95.38961182256908,-1.374570576350564,0
440,94.00807203866148,95.94898802874052,-1.9409159900790343,0
441,94.23658263907842,95.24095290029382,-1.0043702612153993,0
442,94.43156989371073,96.16928513842544,-1.7377152447147068,0
443,95.04672031815774,95.92932113031281,-0.8826008121550757,0
444,94.95373589841974,96.37740662371876,-1.4236707252990186,0
445,94.4341763079464,96.00811820881394,-1.5739419008675384,0
446,94.93976236961858,95.80692478434031,-0.8671624147217329,0
447,94.85052522151577,94.62588093260005,0.2246442889157123,0
448,95.28512998490093,94.7507747343952,0.5343552505057403,0
449,95.41176306764864,93.98068406090437,1.4310790067442696,0
450,95.28775410523008,94.65383400248484,0.6339201027452361,0
451,95.39556845771133,95.6481624593276,-0.25259400161625933,0
452,96.18860318184267,95.51796254035065,0.6706406414920139,0
453,96.98586336138956,96.1317201371116,0.8541432242779621,0
454,96.97090865422878,95.81443541833195,1.1564732358968257,0
455,96.97716122976077,95.59919531577705,1.377965913983715,0
456,97.33875899704813,96.37400765110357,0.9647513459445634,0
457,96.95225701664397,96.29620590456376,0.6560511120802062,0
458,97.05268261008726,97.41747476116281,-0.3647921510755481,0
459,97.06057707845949,97.10032795404486,-0.03975087558536927,0
460,97.18812790682178,97.72484000631727,-0.5367120994954888,0
461,96.88161598941679,97.57691829531537,-0.6953023058985792,0
462,96.28055410738813,97.67674021940225,-1.3961861120141208,0
463,95.52117003859232,96.90804785859793,-1.3868778200056084,0
464,95.14356028439676,96.53986526550896,-1.396304981112209,0
465,95.02990541947663,96.25156587089887,-1.2216604514222382,0
466,94.97371180738824,95.5980967462749,-0.6243849388866636,0
467,95.77982351930439,96.26331117984664,-0.48348766054225223,0
468,96.24639525029441,96.78622003063788,-0.5398247803434657,0
469,95.88855004277494,96.89879020665533,-1.0102401638803968,0
470,96.07814543194934,97.74005678481055,-1.6619113528612104,0
471,95.99840970505227,98.33014366034287,-2.331733955290602,0
472,96.00125086760076,97.83118011116046,-1.8299292435597039,0
473,96.1668775895449,97.89506734213957,-1.7281897525946732,0
474,96.50095552396479,97.47677288182724,-0.9758173578624536,0
475,96.41404299830431,97.33149234990377,-0.9174493515994584,0
476,96.88545607897802,97.08796598431039,-0.2025099053323629,0
477,96.43880628378768,97.78943525923344,-1.3506289754457583,0
478,96.50887335750488,97.86368094677107,-1.354807589266187,0
479,97.61568322760652,98.07098953922196,-0.45530631161543056,0
480,97.7276804402374,98.74879699007282,-1.021116549835412,1
481,98.60202207037165,97.16228286791626,1.4397392024553852,1
482,98.81664318151816,95.66993156768243,3.146711613835734,1
483,99.14161843895829,96.04465162095562,3.09696681800267,1
484,99.21405682030108,95.87873726163001,3.335319558671074,1
485,99.22912780990184,95.82494217908871,3.4041856308131315,1
486,98.99712556967101,94.7658731670221,4.23125240264892,1
487,99.20768349312159,94.75315452335461,4.454528969766983,1
488,98.89434216895894,95.69206642647163,3.2022757424873163,1
489,99.25046247635994,96.10384113952651,3.1466213368334337,1
490,99.77724621129663,96.21098876969937,3.5662574415972585,1
491,99.99554590211166,95.8822917253311,4.113254176780558,1
492,99.92538369985036,95.51625326424127,4.409130435609086,1
493,100.13651340979338,94.32020491162848,5.816308498164901,1
494,99.97222876266657,94.49373858987838,5.478490172788199,1
495,100.32252310421322,95.19390977853094,5.128613325682281,1
496,99.58353000424306,93.9752909903215,5.608239013921562,1
497,99.41887510629952,93.5971346642218,5.821740442077726,1
498,98.58146328614603,92.65847201714259,5.922991269003447,1
499,97.93728939060497,91.92912838588437,6.0081610047206055,1
500,98.4324262322945,92.3060506199515,6.126375612342997,1
501,98.73418144446603,91.38678572164383,7.347395722822199,1
502,98.32901956501101,91.84360484278702,6.485414722223993,1
503,97.65374744648345,92.15317483496004,5.50057261152341,1
504,96.44290728077063,91.52589494391749,4.9170123368531335,1
505,96.22965846075492,89.99989992919721,6.229758531557707,1
506,97.136336539076,89.9882368115381,7.148099727537897,1
507,97.20288526128456,90.98699404502135,6.215891216263216,1
508,96.9182617860516,89.41783756773933,7.500424218312276,1
509,96.97927265893611,89.55268470349966,7.426587955436446,1
510,96.23355991996651,88.83898159533486,7.394578324631652,1
511,95.99490165865588,89.48542791309903,6.509473745556846,1
512,95.95921896058432,89.26787063417365,6.691348326410676,1
513,95.84021128353537,89.65271589505674,6.187495388478624,1
514,96.09715896278747,90.23745945222585,5.859699510561626,1
515,96.19203207775381,91.43645423070843,4.755577847045373,1
516,96.47158359264473,91.4161541332622,5.0554294593825375,1
517,96.1934632067833,91.513024147792,4.680439058991311,1
518,96.56856741719795,90.79268324451381,5.775884172684144,1
519,97.18134798761335,91.84482961070914,5.336518376904209,1
520,96.77646226090758,91.26856701294247,5.507895247965109,1
521,96.3959892362235,90.83861609202171,5.55737314420179,1
522,96.9024343135415,91.12206076078849,5.780373552753019,1
523,96.78687804122583,90.27111821187835,6.515759829347488,1
524,97.27261860658508,90.80632166460784,6.466296941977248,1
525,97.02228947472935,91.42703733294012,5.595252141789231,1
526,97.57454509814818,91.91613538544078,5.658409712707396,1
527,97.59421893923499,91.09621679963291,6.498002139602079,1
528,97.62261036158397,91.2216342781747,6.400976083409262,1
529,98.17844876608146,92.06809140589814,6.110357360183315,1
530,97.97822270709463,91.03911619377122,6.939106513323409,1
531,97.50481854305848,90.44846800807827,7.056350534980211,1
532,97.22257533309812,91.07506308754198,6.147512245556143,1
533,97.34613330107757,91.42582719689607,5.920306104181506,1
534,96.6738143669963,91.47181867955801,5.201995687438284,1
535,96.91870294368483,92.67107000587292,4.247632937811915,1
536,96.74081276974714,92.76703698049286,3.973775789254276,1
537,97.25124904457785,93.24757193632698,4.003677108250869,1
538,96.34336106720511,94.2685046463575,2.0748564208476097,1
539,96.17499193612106,93.71203451928102,2.462957416840041,1
540,95.62725680478542,92.69808700593254,2.9291697988528824,1
541,95.4003065282972,92.58713773458007,2.813168793717125,1
542,95.60871444905492,92.66429692735406,2.9444175217008564,1
543,95.63980292278997,92.12500521072288,3.514797712067093,1
544,95.6127120096074,91.33997062649131,4.272741383116099,1
545,95.58540099189958,92.56066217399811,3.024738817901465,1
546,95.76551934725248,92.58681921857803,3.17870012867445,1
547,95.45316992404152,91.80401930472931,3.649150619312209,1
548,95.80345224943552,92.32041239468847,3.483039854747048,1
549,96.14436664485237,92.2255255516012,3.9188410932511744,1
550,96.35243976525226,92.04197637473226,4.310463390519999,1
551,96.60952997282676,92.395023214127,4.21450675869977,1
552,96.76737183521524,91.63040284657355,5.136968988641698,1
553,97.57455270687558,92.21224388791089,5.362308818964692,1
554,97.52159959750634,93.32770336799851,4.193896229507828,1
555,97.43907149869712,93.45864109972602,3.9804303989710945,1
556,97.18863894660561,93.00571909085085,4.182919855754761,1
557,96.81658788558673,92.44795523197469,4.368632653612039,1
558,96.3503675378657,91.92594994367833,4.424417594187361,1
559,96.02362773286396,91.56304921414353,4.460578518720425,1
560,96.0223266542671,91.28014192002848,4.74218473423862,1
561,96.16893546895426,91.83899675919066,4.329938709763596,1
562,96.22289535688695,90.78917053602416,5.433724820862793,1
563,95.89499500487193,91.188124052,4.706870952871924,1
564,96.26972528283632,91.10352565246083,5.166199630375488,1
565,96.55718037023793,91.46899105830983,5.0881893119281045,1
566,96.48891158167272,90.80402652592853,5.684885055744189,1
567,96.19350087101962,91.51545008079616,4.678050790223466,1
568,96.42896949984036,92.2949281970659,4.134041302774463,1
569,96.54745686969608,92.79140218498362,3.7560546847124527,1
570,96.03040323169444,91.53935437006237,4.491048861632066,1
571,96.02865868621907,91.95078146559482,4.077877220624259,1
572,96.17957915001762,92.13745991722391,4.042119232793709,1
573,95.86759527378283,90.96092807600715,4.9066671977756755,1
574,95.94819927102903,90.97185967037295,4.976339600656075,1
575,95.3674532968931,90.91627182670655,4.451181470186555,1
576,95.92936866338864,91.42018067331054,4.509187990078104,1
577,96.45308925790852,91.6971884097266,4.755900848181909,1
578,96.36428728177823,91.79401561349921,4.57027166827902,1
579,96.5311554334999,92.65990596597305,3.8712494675268516,1
580,95.6236241738036,92.81498204423994,2.8086421295636654,1
581,95.2706530032193,90.74670601053054,4.5239469926887494,1
582,95.176944085524,90.46453025527155,4.712413830252444,1
583,94.76247018544063,90.14854745260331,4.613922732837324,1
584,95.06753264185103,89.235693784798,5.831838857053029,1
585,95.82485931129757,89.73229799285222,6.092561318445348,1
586,95.29958535760359,90.34450687050537,4.95507848709822,1
587,94.9668460716146,89.56735950072196,5.399486570892634,1
588,95.04105109039394,89.84223248979285,5.198818600601086,1
589,95.67555661976373,89.62793130664026,6.047625313123461,1
590,95.13422562909159,89.12808853012056,6.006137098971024,1
591,95.18353322306581,90.1191349641681,5.064398258897711,1
592,95.90883285044616,90.14286827902023,5.7659645714259256,1
593,95.20983096260316,90.1867016570816,5.0231293055215644,1
594,94.69624681458875,88.88740514121422,5.8088416733745305,1
595,94.48636208833568,89.95796275576978,4.528399332565897,1
596,94.30170675656522,90.16203305072935,4.139673705835875,1
597,94.66976358637488,90.11781240061468,4.551951185760203,1
598,94.78882991501521,90.44592809563503,4.342901819380188,1
599,94.11170000018936,89.25379589472192,4.857904105467441,1
600,94.3249689560763,90.00919763665392,4.315771319422382,1
601,94.12816483516292,89.65138070206716,4.476784133095762,1
602,94.66410451528463,89.71165766829485,4.952446846989787,1
603,94.41544715836038,89.31253085760778,5.102916300752597,1
604,94.15565523008186,88.87588805546258,5.2797671746192805,1
605,94.35811951567271,89.3988725799721,4.959246935700605,1
606,94.66532776182245,89.67859578609814,4.986731975724311,1
607,94.84523090861072,90.13096373010009,4.7142671785106245,1
608,94.18527862273126,89.79394917138315,4.391329451348113,1
609,94.43092592613516,90.12366516647282,4.307260759662341,1
610,94.05183966748228,89.62848205136106,4.423357616121223,1
611,94.17478223131153,90.88938468035997,3.285397550951558,1
612,93.69101857960432,89.56422606348707,4.1267925161172485,1
613,93.91320781281568,90.27895782774245,3.6342499850732395,1
614,93.65885575183907,90.78013534816627,2.8787204036728014,1
615,93.25186587155122,89.84938853698071,3.4024773345705057,1
616,93.61727005941565,91.09407878768077,2.5231912717348735,1
617,93.8377683044996,91.45967625207479,2.378092052424819,1
618,93.7232729813212,91.64281417424664,2.0804588070745638,1
619,94.4497215805759,91.62811112540594,2.82161045516996,1
620,94.3823800891895,91.20662240630158,3.1757576828879195,1
621,94.48643527463348,90.91011958236365,3.57631569226983,1
622,94.66518486909143,91.03968103928193,3.625503829809503,1
623,94.48604330394951,91.59267946386507,2.8933638400844472,1
624,94.77982962930527,91.57059802480086,3.20923160450441,1
625,94.65598711021416,90.77382268156636,3.8821644286477976,1
626,94.54722355989529,91.05981620254305,3.4874073573522395,1
627,95.16791024794901,91.68106569788316,3.486844550065854,1
628,94.82733359944075,91.71714789609798,3.110185703342765,1
629,93.95671218190182,91.52056238579354,2.436149796108282,1
630,94.72927949010116,91.39907664603203,3.3302028440691345,1
631,95.83250052894051,91.15925645137769,4.673244077562828,1
632,95.68673061888263,90.55671014261254,5.13002047627009,1
633,94.90549437882106,89.28500183981953,5.620492539001532,1
634,94.7502761613926,89.42678471956941,5.323491441823194,1
635,94.61961240936517,89.35985069340218,5.259761715962995,1
636,94.53065478715813,89.09980766191907,5.430847125239055,1
637,94.06375721412743,87.25079413030387,6.812963083823561,1
638,94.20493351692684,86.82249242575992,7.382441091166925,1
639,94.29561441248293,87.79667616397722,6.498938248505709,1
640,93.62290525212993,87.29716929981562,6.325735952314304,1
641,93.83629714719217,87.76198782896508,6.074309318227094,1
642,94.60365567405917,87.44292444844238,7.160731225616786,1
643,94.56440324575316,88.5134129661923,6.05099027956085,1
644,94.3769236669477,88.47535728636736,5.901566380580348,1
645,94.27504406215567,88.70596188835214,5.569082173803537,1
646,94.49269266025291,90.2048078341904,4.287884826062509,1
647,93.8360297767469,90.69003042293708,3.145999353809813,1
648,93.99448609024734,90.3587537064825,3.6357323837648323,1
649,93.90651389127397,89.8125058403039,4.094008050970075,1
650,94.6909434939079,89.86818505874447,4.822758435163422,1
651,94.63013647862775,90.11095696694929,4.519179511678459,1
652,95.32133254749164,90.3028682321604,5.018464315331229,1
653,94.87891305261228,89.87981800766316,4.999095044949115,1
654,95.11386196708594,90.82519518856375,4.288666778522185,1
655,95.27718873367633,90.74618433812451,4.531004395551818,1
656,94.95301961475282,91.85905718286351,3.0939624318893095,1
657,95.11927993901313,91.75232245996726,3.3669574790458654,1
658,95.68593959979347,92.82912272045857,2.8568168793349002,1
659,95.66358207411209,92.76103850447127,2.9025435696408124,1
660,95.09166983596214,92.79790308872974,2.2937667472323966,1
661,95.21995636800953,92.10937752199341,3.110578846016125,1
662,94.95345818779172,91.26933861493394,3.6841195728577816,1
663,94.88231583368328,91.33924812222838,3.5430677114548956,1
664,94.92252734023648,91.74468090923585,3.1778464310006314,1
665,94.33137413228025,91.27848950667521,3.0528846256050315,1
666,93.78246656527172,90.0566748496913,3.7257917155804137,1
667,94.03900371370291,89.23746378384868,4.801539929854229,1
668,93.83983923874233,88.3066875956348,5.53315164310753,1
669,92.78728391985872,86.88662636232326,5.900657557535467,1
670,93.05618865662521,87.18062947048095,5.875559186144258,1
671,93.1213585994277,87.96114604518462,5.160212554243074,1
672,92.82779804210095,87.84099112524311,4.986806916857844,1
673,92.30172561183477,86.30886342984684,5.992862181987931,1
674,92.58640566126111,86.44941074066612,6.1369949205949865,1
675,92.66929616425553,86.53281313788298,6.136483026372545,1
676,93.56551292601053,88.27500307577995,5.290509850230578,1
677,93.71906287298897,87.54567542237059,6.173387450618378,1
678,93.81547475696286,87.50919112471861,6.306283632244245,1
679,93.68338940330722,88.58614030681167,5.0972490964955455,1
680,94.00523729536276,89.0004360603168,5.00480123504596,1
681,94.25503131410973,89.43585137414486,4.819179939964869,1
682,94.76476232053756,89.7086638214927,5.05609849904485,1
683,94.5534282281304,89.80928319151012,4.7441450366202815,1
684,94.3920579871218,90.1503996786391,4.241658308482698,1
685,94.23833380333288,89.52500649916172,4.713327304171159,1
686,94.56898812659591,90.14125223912764,4.427735887468273,1
687,95.1969511083412,89.56787638624537,5.629074722095822,1
688,94.98196117497669,89.73613841875238,5.245822756224314,1
689,94.79976054604823,89.78656623043877,5.013194315609468,1
690,94.92473171981568,89.49167588046302,5.433055839352662,1
691,94.80477432784289,89.47776017033912,5.327014157503768,1
692,95.16924508122366,89.32551197000443,5.843733111219237,1
693,94.22634750941508,88.39116262407254,5.835184885342542,1
694,93.85390624638119,88.12347802562724,5.73042822075395,1
695,93.5044183017589,87.42380308526967,6.080615216489235,1
696,92.52224513597999,87.298958017759,5.223287118220981,1
697,92.12562540232142,86.48956482688297,5.636060575438449,1
698,91.72775992721112,86.79595245921813,4.931807467992996,1
699,91.65072769200394,86.07669884907352,5.574028842930417,1
700,92.06721260652152,86.01030904214392,6.056903564377606,1
701,91.91634316782635,85.7143882755063,6.20195489232006,1
702,91.44391993510189,86.40750294247138,5.036416992630507,1
703,91.41931726898495,86.58993874049052,4.829378528494431,1
704,91.84751779113677,86.64053914049211,5.206978650644658,1
705,91.44678533215857,86.77101323386299,4.675772098295582,1
706,91.09876677367521,85.36860693356054,5.730159840114666,1
707,91.28567836537917,85.5174736370076,5.768204728371572,1
708,91.15865368266827,86.69772185676968,4.460931825898598,1
709,91.44460096765714,86.8361125960641,4.60848837159304,1
710,91.45871783235937,86.8333760313181,4.625341801041273,1
711,91.75811620154313,87.23593835732825,4.52217784421488,1
712,91.36797606371613,87.5144538515777,3.8535222121384294,1
713,91.4204660927939,86.25435376652628,5.166112326267623,1
714,91.32788447073526,85.27013848823029,6.057745982504969,1
715,90.78864080196836,85.27741578391223,5.511225018056123,1
716,90.13768837191807,84.63794298916056,5.49974538275751,1
717,90.38700071689006,85.56230775231431,4.824692964575746,1
718,90.25538511577408,85.30121129649613,4.9541738192779405,1
719,89.84876431215125,84.00536340464178,5.843400907509462,1
720,89.76812269200644,83.34662637681468,6.42149631519176,1
721,90.14825541918658,82.11800515486371,8.030250264322873,1
722,89.08444776782167,81.87649245228887,7.2079553155328,1
723,88.3753945260837,81.72006881730623,6.655325708777468,1
724,87.92347366388671,81.47653485760246,6.446938806284251,1
725,88.43559827026063,82.50175193959105,5.9338463306695814,1
726,88.50194074689486,83.33199126302094,5.169949483873921,1
727,88.80037016888565,83.38957919678714,5.410790972098511,1
728,88.32376625263024,82.00360854510066,6.3201577075295745,1
729,87.80994401714554,82.28741731707143,5.52252670007411,1
730,87.96294316883092,82.73814439181825,5.224798777012666,1
731,87.97501296235447,82.94819809750429,5.026814864850181,1
732,88.19316774665761,83.61141577634199,4.581751970315622,1
733,88.13901175177044,82.86910508453079,5.269906667239653,1
734,88.2367739089903,84.09589992738024,4.140873981610056,1
735,88.34297784387184,83.48930731403452,4.853670529837316,1
736,88.66140127301394,84.0435003695679,4.617900903446042,1
737,89.00330954061943,83.18477568338966,5.818533857229767,1
738,88.31443405000122,82.44260253839366,5.871831511607567,1
739,87.3719350522845,82.99319144713958,4.378743605144919,1
740,87.80369603108785,82.96205043794939,4.841645593138466,1
741,88.28670378873571,83.64074657356583,4.645957215169872,1
742,87.89615672017187,83.55725477214219,4.338901948029687,1
743,87.18527746015214,83.09630037405674,4.088977086095397,1
744,87.27044253425025,83.8036425243387,3.4668000099115517,1
745,87.71943782429489,83.68241852795492,4.037019296339963,1
746,88.48662466845161,82.89045793867,5.596166729781615,1
747,88.66333536080312,82.58326284750893,6.0800725132941835,1
748,88.46064505650413,82.93984313195612,5.52080192454801,1
749,88.07735271164279,83.0575347971716,5.01981791447119,1
750,88.0809423325875,82.16465084363738,5.916291488950122,1
751,87.9154218765859,81.78782511112308,6.127596765462812,1
752,87.45301487602123,81.38491648505507,6.068098390966156,1
753,88.21911221681823,81.65132087765618,6.567791339162056,1
754,88.85479001068899,81.3419075779878,7.51288243270119,1
755,89.1835653624761,81.4380278844541,7.745537478022001,1
756,88.67794832945135,81.12979849797917,7.5481498314721875,1
757,88.89254856759666,81.98011445251024,6.912434115086427,1
758,89.05277742564151,82.74960214008178,6.303175285559732,1
759,89.16463691104515,82.87612129382599,6.288515617219161,1
760,89.6000772370017,83.00552332573783,6.594553911263873,1
761,89.77449799858302,83.35943309447049,6.415064904112526,1
762,89.99975044789912,83.16676434387465,6.832986104024471,1
763,90.16286365604678,82.80830123691081,7.3545624191359735,1
764,90.18145209829082,82.56695161074606,7.61450048754476,1
765,89.33728262202791,82.14400775853925,7.193274863488668,1
766,89.2610673098177,81.71245707835598,7.548610231461723,1
767,88.91116001470496,81.95996052872196,6.951199485982997,1
768,88.3016636573498,82.34237173721145,5.959291920138355,1
769,88.92642570906322,81.83263074931924,7.093794959743988,1
770,89.5133340974303,82.3676121642791,7.145721933151208,1
771,89.94973624089099,82.7009608395078,7.248775401383185,1
772,89.93938283756418,83.16724390833494,6.772138929229243,1
773,90.39102593948378,83.58016464416211,6.810861295321672,1
774,90.30530414695843,82.93143314443567,7.373871002522762,1
775,90.26772950759141,82.48277817075208,7.7849513368393275,1
776,89.69109339256465,82.58128943907067,7.10980395349398,1
777,89.74439971668949,83.45256493863887,6.291834778050614,1
778,89.70396234915673,82.32529780404818,7.378664545108549,1
779,89.06396827516751,82.52656815999555,6.5374001151719625,1
780,88.96661942468228,83.35198893081304,5.614630493869242,1
781,88.9039960744461,83.31151422941916,5.5924818450269385,1
782,89.5933964488526,84.00923926172413,5.5841571871284685,1
783,89.92187392090155,83.82620228502584,6.0956716358757035,1
784,89.87166851474434,83.86950876956126,6.002159745183079,1
785,89.92107545140563,83.08675469151129,6.834320759894339,1
786,89.84704436465259,81.93632840547131,7.910715959181275,1
787,89.6203429727753,82.73048023745267,6.889862735322637,1
788,89.09287895705386,82.16085445060313,6.93202450645073,1
789,88.93585698068854,82.0661400420675,6.869716938621039,1
790,88.54393183109649,81.32526508019498,7.218666750901505,1
791,87.93287227798216,80.51505973472982,7.417812543252339,1
792,88.01647037663855,80.74936255759096,7.267107819047595,1
793,88.05962084965947,80.62891760671623,7.430703242943238,1
794,87.22340268296507,80.76671739015579,6.456685292809283,1
795,87.10149456332655,81.14931916749472,5.95217539583183,1
796,87.45216634789493,81.60740558977378,5.844760758121154,1
797,87.8336178055474,82.01910832736067,5.814509478186736,1
798,88.20322706879216,83.18826687175896,5.014960197033204,1
799,88.21804434170109,82.58571554021631,5.632328801484775,1
