,PCEPI,PCEPILFE
2009-01-01,88.108,87.882
2009-02-01,88.266,87.952
2009-03-01,88.169,88.015
2009-04-01,88.295,88.211
2009-05-01,88.387,88.279
2009-06-01,88.912,88.392
2009-07-01,88.922,88.468
2009-08-01,89.18,88.599
2009-09-01,89.324,88.755
2009-10-01,89.663,89.082
2009-11-01,89.887,89.16
2009-12-01,89.939,89.236
2010-01-01,90.136,89.368
2010-02-01,90.134,89.446
2010-03-01,90.261,89.579
2010-04-01,90.31,89.625
2010-05-01,90.339,89.724
2010-06-01,90.301,89.767
2010-07-01,90.378,89.769
2010-08-01,90.502,89.855
2010-09-01,90.592,89.906
2010-10-01,90.881,90.043
2010-11-01,91.062,90.16
2010-12-01,91.268,90.179
2011-01-01,91.542,90.372
2011-02-01,91.797,90.53
2011-03-01,92.166,90.667
2011-04-01,92.557,90.875
2011-05-01,92.838,91.091
2011-06-01,92.819,91.191
2011-07-01,92.977,91.326
2011-08-01,93.196,91.508
2011-09-01,93.327,91.57
2011-10-01,93.329,91.614
2011-11-01,93.52,91.808
2011-12-01,93.574,91.96
2012-01-01,93.894,92.235
2012-02-01,94.104,92.364
2012-03-01,94.284,92.521
2012-04-01,94.408,92.661
2012-05-01,94.302,92.755
2012-06-01,94.254,92.85
2012-07-01,94.288,92.946
2012-08-01,94.605,93.005
2012-09-01,94.893,93.119
2012-10-01,95.174,93.345
2012-11-01,95.109,93.445
2012-12-01,95.094,93.514
2013-01-01,95.275,93.703
2013-02-01,95.614,93.805
2013-03-01,95.488,93.891
2013-04-01,95.391,93.937
2013-05-01,95.461,94.047
2013-06-01,95.673,94.209
2013-07-01,95.792,94.329
2013-08-01,95.934,94.431
2013-09-01,95.976,94.543
2013-10-01,96.103,94.703
2013-11-01,96.246,94.86
2013-12-01,96.414,94.961
2014-01-01,96.614,95.064
2014-02-01,96.66,95.109
2014-03-01,96.815,95.25
2014-04-01,96.987,95.413
2014-05-01,97.147,95.574
2014-06-01,97.253,95.682
2014-07-01,97.391,95.848
2014-08-01,97.379,95.885
2014-09-01,97.413,96.013
2014-10-01,97.384,96.096
2014-11-01,97.291,96.181
2014-12-01,97.12,96.249
2015-01-01,96.654,96.214
2015-02-01,96.825,96.324
2015-03-01,97.008,96.47
2015-04-01,97.094,96.648
2015-05-01,97.327,96.766
2015-06-01,97.516,96.882
2015-07-01,97.605,96.978
2015-08-01,97.612,97.056
2015-09-01,97.477,97.196
2015-10-01,97.477,97.228
2015-11-01,97.538,97.332
2015-12-01,97.456,97.396
2016-01-01,97.496,97.567
2016-02-01,97.445,97.736
2016-03-01,97.673,97.876
2016-04-01,97.993,98.117
2016-05-01,98.153,98.284
2016-06-01,98.325,98.386
2016-07-01,98.342,98.529
2016-08-01,98.479,98.703
2016-09-01,98.666,98.834
2016-10-01,98.868,98.961
2016-11-01,98.901,99.005
2016-12-01,99.071,99.12
2017-01-01,99.451,99.385
2017-02-01,99.586,99.561
2017-03-01,99.535,99.519
2017-04-01,99.725,99.723
2017-05-01,99.682,99.803
2017-06-01,99.766,99.937
2017-07-01,99.803,100.01
2017-08-01,100.027,100.118
2017-09-01,100.4,100.24
2017-10-01,100.531,100.486
2017-11-01,100.675,100.535
2017-12-01,100.821,100.683
2018-01-01,101.199,101.007
2018-02-01,101.416,101.198
2018-03-01,101.524,101.419
2018-04-01,101.766,101.602
2018-05-01,101.941,101.78
2018-06-01,102.029,101.872
2018-07-01,102.137,102.006
2018-08-01,102.208,102.016
2018-09-01,102.418,102.205
2018-10-01,102.595,102.366
2018-11-01,102.63,102.556
2018-12-01,102.701,102.735
2019-01-01,102.648,102.87
2019-02-01,102.836,102.963
2019-03-01,103.069,103.058
2019-04-01,103.36,103.265
2019-05-01,103.435,103.371
2019-06-01,103.484,103.56
2019-07-01,103.622,103.678
2019-08-01,103.67,103.797
2019-09-01,103.733,103.873
2019-10-01,103.917,104.028
2019-11-01,104.024,104.092
2019-12-01,104.307,104.322
2020-01-01,104.49,104.507
2020-02-01,104.573,104.711
2020-03-01,104.271,104.632
2020-04-01,103.838,104.293
2020-05-01,103.942,104.402
2020-06-01,104.27,104.565
2020-07-01,104.578,104.937
2020-08-01,104.87,105.243
2020-09-01,105.057,105.41
2020-10-01,105.151,105.507
2020-11-01,105.258,105.605
2020-12-01,105.699,105.896
2021-01-01,106.147,106.281
2021-02-01,106.5,106.501
2021-03-01,107.054,106.933
2021-04-01,107.618,107.558
2021-05-01,108.175,108.099
2021-06-01,108.76,108.603
2021-07-01,109.256,109.058
2021-08-01,109.674,109.409
2021-09-01,110.034,109.641
2021-10-01,110.762,110.188
2021-11-01,111.5,110.77
2021-12-01,112.191,111.418
2022-01-01,112.805,111.976
2022-02-01,113.471,112.468
2022-03-01,114.469,112.914
2022-04-01,114.812,113.307
2022-05-01,115.525,113.703
2022-06-01,116.638,114.376
2022-07-01,116.631,114.628
2022-08-01,116.956,115.276
2022-09-01,117.371,115.788
2022-10-01,117.919,116.204
2022-11-01,118.224,116.539
2022-12-01,118.384,116.952
2023-01-01,119.018,117.505
2023-02-01,119.369,117.929
2023-03-01,119.538,118.315
2023-04-01,119.951,118.734
2023-05-01,120.15,119.083
2023-06-01,120.469,119.39
2023-07-01,120.607,119.556
2023-08-01,120.97,119.689
2023-09-01,121.419,120.058
2023-10-01,121.484,120.241
2023-11-01,121.493,120.374
2023-12-01,121.66,120.592
2024-01-01,122.23,121.217
2024-02-01,122.598,121.537
2024-03-01,123.038,122.009
2024-04-01,123.341,122.304
2024-05-01,123.348,122.383
2024-06-01,123.539,122.677
2024-07-01,123.736,122.911
2024-08-01,123.889,123.128
2024-09-01,124.164,123.466
2024-10-01,124.494,123.832
2024-11-01,124.637,123.962
2024-12-01,124.979,124.196
2025-01-01,125.417,124.587
2025-02-01,125.921,125.145
2025-03-01,125.941,125.267
2025-04-01,126.15,125.502
2025-05-01,126.38,125.79
2025-06-01,126.743,126.121
2025-07-01,126.96,126.43
2025-08-01,127.293,126.714
2025-09-01,127.625,126.954
2025-10-01,127.871,127.243
2025-11-01,128.152,127.469
2025-12-01,128.576,127.886
2026-01-01,129.002,128.432
2026-02-01,129.52,128.94
2026-03-01,130.381,129.321
2026-04-01,130.902,129.63
