,headline_sa,headline_nsa,core_fe_sa,core_fe_nsa,core_fet_sa,core_fet_nsa,goods_sa,services_sa,foods_sa,energy_sa,coregoods_nsa
2009-11-01,100.2,100.0,,,,,100.5,100.1,100.0,100.0,99.9
2009-12-01,100.3,99.9,,,,,100.9,100.0,101.9,99.3,100.1
2010-01-01,101.2,101.0,,,,,102.0,100.8,102.0,104.1,100.4
2010-02-01,101.0,100.9,,,,,101.4,100.8,102.1,100.6,100.6
2010-03-01,101.1,101.2,,,,,102.1,100.5,104.6,104.4,100.9
2010-04-01,101.4,101.6,99.9,100.0,,,102.3,100.9,104.0,106.5,101.2
2010-05-01,101.6,101.8,100.2,100.2,,,102.3,101.3,104.2,107.4,101.3
2010-06-01,101.4,101.6,100.1,100.1,,,101.9,101.2,101.6,107.0,101.3
2010-07-01,101.6,101.7,100.3,100.2,,,102.0,101.4,102.4,107.7,101.3
2010-08-01,101.8,101.9,100.3,100.3,,,102.6,101.3,102.4,108.9,101.5
2010-09-01,102.1,102.0,100.5,100.4,,,103.0,101.6,103.7,108.0,101.8
2010-10-01,102.5,102.5,100.6,100.7,,,104.1,101.6,104.5,109.5,101.9
2010-11-01,102.8,102.6,100.7,100.7,,,104.7,101.7,106.0,110.3,102.1
2010-12-01,103.1,102.7,100.8,100.6,,,105.7,101.7,107.3,111.9,102.5
2011-01-01,103.7,103.4,101.2,101.2,,,106.7,102.1,108.2,114.9,103.1
2011-02-01,104.3,104.2,101.5,101.6,,,108.0,102.2,112.2,117.4,103.6
2011-03-01,105.0,105.2,102.0,102.2,,,108.8,102.8,111.5,125.4,104.0
2011-04-01,105.5,105.9,102.3,102.5,,,109.9,103.1,112.4,131.1,104.5
2011-05-01,105.8,106.1,102.5,102.5,,,110.4,103.3,111.3,134.9,104.7
2011-06-01,105.9,106.0,102.7,102.7,,,110.2,103.5,112.4,130.6,105.0
2011-07-01,106.1,106.3,102.9,102.9,,,110.6,103.6,112.7,131.1,105.3
2011-08-01,106.3,106.4,103.3,103.3,,,110.3,104.0,113.9,127.6,105.5
2011-09-01,106.7,106.6,103.5,103.3,,,111.1,104.2,114.7,129.1,105.8
2011-10-01,106.3,106.3,103.2,103.4,,,110.7,103.8,113.2,124.8,105.8
2011-11-01,106.6,106.4,103.4,103.4,,,111.0,104.2,114.2,124.7,105.7
2011-12-01,106.5,106.0,103.4,103.2,,,110.8,104.0,113.4,122.2,105.7
2012-01-01,106.9,106.6,103.8,103.7,,,111.2,104.5,113.7,123.3,106.2
2012-02-01,107.2,107.1,104.1,104.2,,,111.6,104.8,113.6,125.8,106.3
2012-03-01,107.4,107.7,104.3,104.5,,,111.9,105.0,114.4,130.0,106.6
2012-04-01,107.7,108.0,104.6,104.7,,,111.8,105.3,114.5,130.9,106.7
2012-05-01,107.6,107.8,104.8,104.8,,,111.0,105.6,114.3,127.2,106.8
2012-06-01,107.3,107.4,104.7,104.7,,,110.3,105.5,114.9,123.0,106.5
2012-07-01,107.2,107.4,104.6,104.6,,,110.5,105.4,116.1,122.5,106.8
2012-08-01,107.5,107.7,104.5,104.5,,,111.8,105.1,117.4,128.3,106.9
2012-09-01,108.2,108.2,104.8,104.7,,,112.8,105.6,118.0,132.5,107.0
2012-10-01,108.3,108.3,104.9,105.1,,,112.9,105.7,117.5,129.3,107.0
2012-11-01,108.4,108.2,105.4,105.3,,,112.3,106.3,118.3,122.5,107.2
2012-12-01,108.4,108.0,105.5,105.3,,,112.1,106.4,118.0,120.6,107.3
2013-01-01,108.7,108.3,105.6,105.5,,,112.7,106.4,118.4,121.9,107.4
2013-02-01,108.9,108.8,105.6,105.7,,,113.4,106.4,117.3,127.2,107.7
2013-03-01,108.9,109.1,105.8,106.1,,,112.8,106.7,118.6,126.2,107.8
2013-04-01,108.7,109.0,106.0,106.1,,,112.0,106.8,117.0,125.1,107.8
2013-05-01,108.6,108.8,105.7,105.7,,,112.3,106.5,118.3,126.3,107.8
2013-06-01,109.0,109.2,106.1,106.1,,,112.3,107.0,118.6,126.8,107.9
2013-07-01,109.2,109.5,106.4,106.4,,,112.3,107.4,118.7,126.9,107.9
2013-08-01,109.3,109.5,106.4,106.4,100.0,100.0,112.6,107.4,118.0,128.3,108.0
2013-09-01,109.3,109.4,106.5,106.4,100.1,99.9,112.4,107.5,117.6,127.7,108.0
2013-10-01,109.5,109.7,106.7,106.9,100.3,100.3,112.5,107.8,117.3,124.3,108.1
2013-11-01,109.7,109.4,106.9,106.8,100.4,100.3,112.7,107.9,117.2,121.1,108.2
2013-12-01,109.8,109.3,106.9,106.6,100.7,100.5,113.2,107.8,117.0,121.7,108.6
2014-01-01,110.1,109.7,107.1,107.0,100.9,100.9,113.9,107.9,117.6,123.2,109.1
2014-02-01,110.3,110.1,107.3,107.4,100.9,101.1,114.2,108.1,118.1,124.7,109.2
2014-03-01,110.7,110.8,107.6,107.8,101.1,101.3,114.5,108.6,120.0,127.9,109.1
2014-04-01,110.8,111.0,107.6,107.7,101.3,101.3,115.0,108.5,123.0,129.8,109.3
2014-05-01,111.0,111.1,107.9,107.9,101.3,101.3,114.6,108.9,122.6,129.4,109.3
2014-06-01,110.9,111.2,107.9,107.8,101.4,101.5,114.6,108.8,123.1,130.7,109.4
2014-07-01,111.3,111.6,108.4,108.4,101.5,101.6,114.5,109.4,123.0,129.9,109.6
2014-08-01,111.3,111.6,108.4,108.4,101.8,101.8,114.5,109.4,122.5,128.9,109.7
2014-09-01,111.1,111.1,108.3,108.1,101.8,101.6,114.2,109.2,122.2,127.0,109.9
2014-10-01,111.3,111.4,108.7,108.9,101.9,101.8,113.6,109.8,122.4,119.6,109.9
2014-11-01,111.1,110.8,108.7,108.6,101.9,101.8,113.1,109.8,122.3,113.9,109.8
2014-12-01,110.8,110.3,108.9,108.7,102.0,101.8,111.6,110.1,122.1,105.6,109.8
2015-01-01,110.1,109.7,108.9,108.8,101.9,101.9,109.6,110.1,120.6,95.7,109.9
2015-02-01,109.6,109.5,108.5,108.5,101.8,101.9,109.3,109.5,118.8,96.8,109.8
2015-03-01,109.8,109.8,108.6,108.7,101.8,102.0,109.5,109.6,118.1,99.7,109.7
2015-04-01,109.6,109.8,108.6,108.8,102.0,102.1,108.8,109.7,117.5,98.6,109.7
2015-05-01,110.0,110.2,108.7,108.7,102.1,102.0,109.9,109.8,118.9,104.8,109.9
2015-06-01,110.3,110.6,109.0,109.0,102.3,102.3,110.4,110.0,119.8,106.9,110.2
2015-07-01,110.5,110.8,109.2,109.3,102.3,102.5,110.3,110.3,119.0,106.6,110.3
2015-08-01,110.3,110.5,109.2,109.1,102.4,102.4,109.7,110.3,119.3,103.2,110.1
2015-09-01,109.9,109.9,109.1,108.9,102.3,102.1,108.5,110.3,118.5,97.0,110.1
2015-10-01,109.6,109.8,108.9,109.1,102.1,102.2,108.1,110.0,117.3,94.0,109.9
2015-11-01,109.7,109.4,109.0,108.9,102.2,102.0,108.0,110.2,117.0,92.0,109.8
2015-12-01,109.6,109.1,109.2,108.9,102.3,102.1,107.3,110.4,115.8,88.3,109.8
2016-01-01,110.0,109.7,109.8,109.7,102.7,102.7,106.8,111.3,116.4,85.1,109.9
2016-02-01,109.7,109.6,109.8,109.9,102.7,102.8,106.1,111.3,116.4,81.9,110.0
2016-03-01,109.7,109.7,109.7,109.9,102.8,102.9,106.4,111.1,115.1,84.3,110.1
2016-04-01,109.9,110.0,109.9,110.0,103.0,103.1,106.7,111.2,115.0,86.5,110.4
2016-05-01,110.1,110.2,109.9,110.0,103.0,103.0,107.3,111.2,115.9,90.2,110.6
2016-06-01,110.6,110.8,110.3,110.3,103.2,103.3,108.1,111.6,116.9,94.5,110.8
2016-07-01,110.5,110.8,110.2,110.3,103.4,103.5,108.0,111.5,115.9,94.5,110.9
2016-08-01,110.3,110.5,110.2,110.2,103.5,103.6,107.7,111.4,114.4,92.9,111.0
2016-09-01,110.6,110.6,110.4,110.2,103.6,103.4,108.1,111.7,114.8,94.2,111.0
2016-10-01,110.9,111.0,110.5,110.7,103.7,103.7,108.5,111.8,113.5,94.5,111.2
2016-11-01,111.1,110.8,110.8,110.7,103.9,103.8,108.4,112.1,112.9,92.2,111.4
2016-12-01,111.4,111.0,110.9,110.7,104.1,103.9,109.3,112.2,113.9,93.9,111.7
2017-01-01,111.9,111.6,111.3,111.2,104.4,104.4,110.2,112.5,113.9,96.8,112.1
2017-02-01,111.9,111.8,111.2,111.3,104.5,104.6,110.6,112.3,114.8,97.6,112.3
2017-03-01,112.1,112.1,111.4,111.6,104.6,104.8,110.7,112.5,115.8,97.2,112.7
2017-04-01,112.6,112.7,111.9,112.1,105.1,105.2,111.1,113.0,117.5,98.7,113.0
2017-05-01,112.5,112.7,112.2,112.2,105.2,105.2,110.3,113.4,117.1,97.3,113.0
2017-06-01,112.6,112.9,112.3,112.3,105.4,105.5,110.3,113.5,118.2,98.1,113.0
2017-07-01,112.7,113.0,112.4,112.4,105.5,105.6,110.4,113.6,117.8,98.2,113.1
2017-08-01,113.1,113.2,112.6,112.6,105.6,105.6,111.0,113.9,117.0,100.6,113.3
2017-09-01,113.5,113.5,112.7,112.6,105.8,105.6,111.8,114.0,116.6,104.3,113.4
2017-10-01,113.9,114.1,113.2,113.4,106.1,106.2,112.2,114.5,116.4,102.0,113.8
2017-11-01,114.3,114.1,113.4,113.3,106.4,106.3,112.9,114.7,116.5,103.7,114.1
2017-12-01,114.4,113.8,113.4,113.1,106.5,106.3,113.3,114.6,116.2,103.4,114.2
2018-01-01,114.8,114.5,113.8,113.7,107.0,107.0,113.7,115.1,116.1,105.2,114.5
2018-02-01,115.1,114.9,114.0,114.1,107.3,107.4,114.1,115.3,115.5,106.4,114.8
2018-03-01,115.3,115.4,114.4,114.6,107.7,107.8,114.2,115.6,118.0,105.6,115.2
2018-04-01,115.5,115.7,114.5,114.8,107.8,107.9,114.3,115.7,116.8,108.0,115.4
2018-05-01,115.9,116.2,114.8,114.9,108.0,108.0,114.9,116.0,117.8,112.8,115.7
2018-06-01,116.3,116.6,115.3,115.3,108.3,108.4,115.1,116.5,116.9,115.3,116.0
2018-07-01,116.4,116.8,115.5,115.5,108.7,108.8,115.2,116.7,116.3,114.9,116.3
2018-08-01,116.5,116.6,115.5,115.5,108.8,108.8,115.4,116.7,115.7,114.6,116.4
2018-09-01,116.7,116.6,115.6,115.5,109.1,108.9,115.7,116.8,115.2,114.7,116.6
2018-10-01,117.5,117.6,116.4,116.5,109.4,109.4,116.5,117.6,115.7,114.9,117.0
2018-11-01,117.4,117.1,116.6,116.4,109.6,109.4,115.9,117.8,117.0,108.0,117.2
2018-12-01,117.4,116.8,116.7,116.4,109.6,109.3,115.2,118.1,119.4,100.2,117.2
2019-01-01,117.0,116.7,116.7,116.6,109.8,109.8,114.2,118.0,117.6,97.4,117.4
2019-02-01,117.2,117.1,116.9,116.9,109.9,110.0,114.7,118.1,117.4,99.5,117.5
2019-03-01,117.6,117.7,117.0,117.2,110.1,110.2,115.4,118.3,118.0,104.7,117.6
2019-04-01,118.2,118.5,117.5,117.7,110.4,110.5,116.1,118.9,118.2,109.3,117.6
2019-05-01,118.3,118.6,117.7,117.7,110.6,110.6,115.8,119.2,118.5,110.3,117.5
2019-06-01,118.2,118.5,117.7,117.8,110.6,110.7,115.2,119.2,119.6,107.5,117.5
2019-07-01,118.5,118.7,118.0,118.0,110.8,110.9,115.6,119.5,119.3,108.8,117.6
2019-08-01,118.6,118.8,118.2,118.2,110.9,110.9,115.3,119.9,118.4,106.9,117.6
2019-09-01,118.3,118.3,117.9,117.8,110.9,110.7,115.2,119.5,118.3,105.1,117.6
2019-10-01,118.8,118.8,118.2,118.4,110.9,111.0,115.8,119.8,119.4,104.8,117.8
2019-11-01,118.6,118.3,118.0,117.8,111.0,110.9,116.1,119.4,121.0,103.2,117.9
2019-12-01,119.0,118.4,118.2,117.9,111.2,110.9,116.5,119.7,120.8,102.6,117.9
2020-01-01,119.2,119.0,118.6,118.5,111.5,111.5,116.5,120.1,120.9,103.6,118.1
2020-02-01,118.6,118.4,118.2,118.3,111.4,111.5,115.5,119.6,118.7,99.6,118.2
2020-03-01,118.0,118.1,118.3,118.5,111.2,111.3,113.4,119.8,118.8,91.5,118.2
2020-04-01,116.6,116.7,117.9,118.1,110.3,110.4,110.3,119.3,118.6,75.7,117.9
2020-05-01,117.2,117.3,117.9,118.0,110.4,110.4,111.9,119.4,126.2,80.0,117.7
2020-06-01,117.5,117.7,118.1,118.2,110.6,110.8,112.4,119.5,120.3,89.0,117.9
2020-07-01,118.2,118.4,118.7,118.7,111.0,111.2,113.2,120.2,118.8,93.3,118.2
2020-08-01,118.4,118.5,118.8,118.8,111.3,111.3,113.5,120.4,118.3,93.8,118.5
2020-09-01,118.8,118.7,119.1,119.0,111.8,111.6,114.1,120.6,119.8,92.8,118.8
2020-10-01,119.4,119.5,119.7,119.8,112.0,112.0,114.5,121.4,122.0,91.6,119.0
2020-11-01,119.5,119.3,119.7,119.6,112.2,112.0,115.0,121.3,122.1,91.8,119.4
2020-12-01,120.0,119.4,119.9,119.5,112.6,112.3,116.5,121.3,120.6,95.6,120.0
2021-01-01,121.2,120.9,120.9,120.8,113.6,113.6,118.0,122.3,122.4,100.8,120.8
2021-02-01,122.0,121.9,121.3,121.4,114.0,114.1,119.5,122.8,124.0,105.5,121.4
2021-03-01,122.8,123.0,121.9,122.1,114.7,114.8,121.1,123.2,124.9,113.2,122.4
2021-04-01,124.0,124.3,123.2,123.5,115.6,115.7,122.0,124.6,127.3,112.7,123.6
2021-05-01,125.3,125.5,124.2,124.3,116.2,116.2,124.0,125.5,131.6,117.1,124.9
2021-06-01,126.2,126.6,124.9,125.1,116.8,117.0,125.6,126.1,133.4,121.0,126.2
2021-07-01,127.486,127.824,126.26,126.29,117.759,117.905,126.554,127.484,131.119,124.953,127.178
2021-08-01,128.603,128.755,127.256,127.19,118.256,118.238,127.757,128.57,133.625,124.773,127.98
2021-09-01,129.226,129.116,127.482,127.354,118.59,118.362,129.499,128.63,135.703,126.379,128.714
2021-10-01,130.045,130.097,128.052,128.18,119.015,118.991,131.062,128.894,134.929,130.963,129.687
2021-11-01,131.475,131.09,129.39,129.175,120.045,119.825,132.451,130.364,136.564,131.196,130.742
2021-12-01,132.26,131.344,130.267,129.843,120.519,120.205,132.76,131.402,136.416,125.829,131.208
2022-01-01,133.529,133.074,131.327,131.197,121.376,121.418,134.416,132.385,138.547,132.305,132.267
2022-02-01,134.771,134.581,132.104,132.152,121.685,121.788,136.696,133.105,141.307,140.34,133.241
2022-03-01,137.037,137.341,133.695,133.956,122.768,122.979,140.106,134.816,144.974,155.52,134.585
2022-04-01,137.773,138.179,134.28,134.562,123.388,123.521,141.747,134.977,147.989,157.604,136.126
2022-05-01,139.013,139.419,134.904,135.015,124.011,124.044,144.442,135.489,149.506,169.67,137.117
2022-06-01,140.273,140.819,135.297,135.479,124.35,124.545,147.618,135.782,150.025,185.008,137.794
2022-07-01,139.837,140.284,135.872,135.894,124.596,124.757,144.872,136.319,150.875,169.726,137.967
2022-08-01,139.755,139.965,136.441,136.366,124.944,124.909,143.306,136.983,150.699,158.017,138.294
2022-09-01,140.2,140.066,136.643,136.488,125.293,125.03,144.092,137.256,151.972,156.747,138.276
2022-10-01,140.681,140.74,136.926,137.066,125.487,125.479,144.809,137.521,152.417,158.888,138.323
2022-11-01,141.16,140.785,137.503,137.251,125.953,125.719,144.916,138.197,157.412,152.535,138.662
2022-12-01,140.694,139.78,137.696,137.26,126.136,125.812,143.123,138.393,155.865,137.65,138.858
2023-01-01,141.203,140.713,137.924,137.786,126.728,126.772,144.827,138.336,154.116,146.964,139.756
2023-02-01,141.135,140.956,138.279,138.265,127.174,127.25,143.769,138.709,150.769,146.805,140.101
2023-03-01,140.736,140.995,138.213,138.434,127.318,127.515,142.822,138.536,151.531,144.234,140.384
2023-04-01,140.934,141.303,138.508,138.752,127.546,127.662,142.74,138.876,151.617,144.522,140.606
2023-05-01,140.614,140.912,138.671,138.782,127.58,127.586,141.32,139.033,150.424,138.557,140.791
2023-06-01,140.698,141.181,138.702,138.92,127.903,128.111,141.384,139.127,150.646,140.799,140.598
2023-07-01,141.485,141.871,139.562,139.605,128.188,128.361,141.442,140.331,150.112,142.541,140.615
2023-08-01,142.409,142.641,139.839,139.787,128.536,128.511,143.768,140.651,149.563,153.234,140.774
2023-09-01,142.744,142.618,139.819,139.668,128.923,128.662,145.164,140.52,149.523,154.682,141.137
2023-10-01,142.249,142.258,139.884,140.026,128.986,128.999,143.416,140.584,148.751,143.899,141.265
2023-11-01,142.334,141.869,140.182,139.916,129.141,128.892,142.903,140.949,149.927,137.962,141.41
2023-12-01,142.165,141.267,140.138,139.721,129.567,129.249,142.567,140.848,149.449,131.199,141.555
2024-01-01,142.576,142.186,140.679,140.6,130.175,130.242,142.547,141.447,149.471,133.356,141.923
2024-02-01,143.356,143.26,141.179,141.223,130.666,130.757,143.91,141.993,151.032,140.612,142.351
2024-03-01,143.521,143.784,141.347,141.588,130.98,131.184,144.005,142.189,151.967,143.075,142.427
2024-04-01,144.197,144.563,142.038,142.271,131.634,131.761,144.435,142.989,151.93,145.893,142.821
2024-05-01,144.224,144.504,142.411,142.532,131.911,131.92,143.652,143.378,151.808,141.064,143.201
2024-06-01,144.869,145.321,143.263,143.464,132.21,132.415,143.334,144.456,152.786,139.845,143.322
2024-07-01,144.922,145.264,143.186,143.202,132.712,132.867,143.894,144.241,152.723,142.897,143.575
2024-08-01,145.409,145.589,143.81,143.741,133.04,132.995,143.803,145.005,153.154,139.845,143.815
2024-09-01,145.803,145.671,144.442,144.243,133.296,133.013,143.349,145.784,153.874,132.981,144.008
2024-10-01,146.294,146.291,144.913,145.045,133.598,133.621,143.722,146.355,152.67,132.382,144.243
2024-11-01,146.447,145.994,144.908,144.617,133.767,133.51,144.379,146.287,157.27,129.711,144.465
2024-12-01,147.052,146.189,145.369,144.96,134.19,133.864,145.082,146.858,156.445,128.552,144.578
2025-01-01,147.975,147.604,146.179,146.119,134.752,134.829,145.911,147.81,157.505,133.911,144.871
2025-02-01,148.233,148.169,146.429,146.494,135.318,135.424,146.314,148.017,159.932,135.55,145.338
2025-03-01,148.055,148.319,146.691,146.952,135.487,135.713,145.236,148.239,157.304,133.504,145.797
2025-04-01,147.655,148.009,146.385,146.633,135.243,135.381,145.121,147.722,156.271,134.045,146.269
2025-05-01,148.153,148.427,146.947,147.094,135.432,135.45,145.337,148.353,156.616,133.811,146.645
2025-06-01,148.393,148.838,147.115,147.312,135.631,135.823,145.829,148.481,157.386,136.739,146.965
2025-07-01,149.597,149.898,148.281,148.282,136.554,136.698,146.681,149.848,158.942,138.512,147.498
2025-08-01,149.327,149.466,148.001,147.912,137.021,136.956,146.948,149.336,158.325,137.39,148.026
2025-09-01,150.245,150.1,148.767,148.542,137.328,137.021,147.889,150.273,159.565,137.439,148.312
2025-10-01,150.439,150.439,149.219,149.356,138.201,138.231,147.619,150.586,158.43,131.831,148.998
2025-11-01,151.054,150.58,149.594,149.275,138.574,138.3,148.747,150.99,159.859,134.154,149.333
2025-12-01,151.592,150.773,150.35,149.936,138.768,138.433,148.661,151.828,158.281,128.832,149.938
2026-01-01,152.468,152.145,151.6,151.542,139.457,139.535,148.5,153.127,155.974,129.619,150.973
2026-02-01,153.236,153.188,152.063,152.145,140.118,140.226,150.007,153.593,159.369,135.092,151.499
2026-03-01,154.382,154.664,152.458,152.731,140.433,140.659,152.967,153.975,159.184,151.27,151.98
2026-04-01,156.011,156.395,153.508,153.755,141.139,141.278,155.905,155.092,159.733,164.467,153.001
2026-05-01,157.659,158.012,154.147,154.288,142.338,142.356,160.233,155.61,160.718,182.789,154.158
