origin,horizon_days,target_date,point,lo80,hi80,lo95,hi95,actual,error_pp,in_80,in_95,width80_pp,width95_pp
2018-01-01,1,2018-01-02,1.92192258566727,1.9037730846864902,1.9438401566699641,1.8978813507623775,2.371917030805583,1.926629,-0.004706414332730002,True,True,0.04006707198347392,0.4740356800432053
2018-01-01,7,2018-01-08,1.892387920259832,1.8468641941049417,2.3724326276062193,1.8312606753638354,2.806486283278921,1.866866,0.02552192025983202,True,True,0.5255684335012776,0.9752256079150854
2018-01-01,14,2018-01-15,1.8856200499823632,1.788842120102469,2.3662447004410283,1.7553246707866614,2.7821877103547528,1.831053,0.05456704998236317,True,True,0.5774025803385594,1.0268630395680913
2018-01-01,30,2018-01-31,2.3758104818226946,1.882806717664877,2.9830053576894997,1.8060121231421038,3.4200344418024144,2.04058,0.33523048182269477,True,True,1.1001986400246226,1.6140223186603107
2018-01-01,90,2018-04-01,2.580889473059812,1.635697185336568,3.5176728817090566,1.1855134698534575,4.160109917258117,2.763042,-0.1821525269401878,True,True,1.8819756963724885,2.974596447404659
2018-01-31,1,2018-02-01,1.6375776939101496,1.6269856390757478,1.652900132372889,1.6248959572543422,1.668733155203458,2.240248,-0.6026703060898502,False,False,0.025914493297141128,0.04383719794911589
2018-01-31,7,2018-02-07,1.6715361079652626,1.6443761050855623,1.709034818974057,1.6319486932976277,1.7352359501769712,2.286368,-0.6148318920347373,False,False,0.06465871388849465,0.10328725687934348
2018-01-31,14,2018-02-14,1.6715826793349566,1.6285234811047324,1.716979160284883,1.6112283478093194,1.7298403931602178,2.236863,-0.5652803206650434,False,False,0.08845567918015051,0.11861204535089831
2018-01-31,30,2018-03-02,1.582101491400464,1.5199693026111185,1.6634620120498291,1.5005275007835308,1.70678900070643,2.613357,-1.031255508599536,False,False,0.14349270943871062,0.2062614999228991
2018-01-31,90,2018-05-01,1.2203696057985183,1.1076040243321397,1.3288126008497327,1.0665258164956606,1.3932275548137223,3.14393,-1.9235603942014818,False,False,0.22120857651759307,0.3267017383180617
2018-03-02,1,2018-03-03,2.6178314745584026,2.5969103613855133,2.635628998704948,2.5916648297087126,3.2296819770881453,2.615546,0.002285474558402445,True,True,0.03871863731943481,0.6380171473794327
2018-03-02,7,2018-03-09,2.6752287419286653,2.6226730478702716,3.294287931909565,2.5997597219853525,3.8599684183234886,2.651786,0.023442741928665356,True,True,0.6716148840392933,1.260208696338136
2018-03-02,14,2018-03-16,3.2213578297276064,2.609993512292705,4.318931509421323,2.5782990559635697,4.513290204475198,2.622209,0.5991488297276066,True,True,1.708937997128618,1.9349911485116285
2018-03-02,30,2018-04-01,3.5265181085460013,2.413178580350663,4.686156473463318,2.338418244570364,5.630973083195107,2.763042,0.7634761085460013,True,True,2.272977893112655,3.292554838624743
2018-03-02,90,2018-05-31,5.346284984091249,3.7280546785780717,7.423899304410497,3.060816265144256,8.212303972163191,3.232325,2.1139599840912493,False,True,3.6958446258324256,5.151487707018935
2018-04-01,1,2018-04-02,2.7626071798131435,2.7524454553127975,2.785439562504106,2.7413055880497095,3.0707430782386758,2.773905,-0.011297820186856544,True,True,0.032994107191308686,0.3294374901889663
2018-04-01,7,2018-04-08,2.7553188850423194,2.7102051574635233,3.057826828332877,2.6927560727848223,3.3568500473465748,2.737962,0.01735688504231936,True,True,0.3476216708693536,0.6640939745617525
2018-04-01,14,2018-04-15,2.7554759830335573,2.666072944312068,3.0593175612160883,2.622494064162602,3.317479522280222,2.761961,-0.006485016966442547,True,True,0.39324461690402046,0.6949854581176198
2018-04-01,30,2018-05-01,2.719640680148534,2.403269842713167,3.1753419493953294,2.356561321405301,3.4426816885741798,3.14393,-0.4242893198514661,True,True,0.7720721066821623,1.0861203671688786
2018-04-01,90,2018-06-30,3.2189164340178555,2.633805345016309,3.877060086512061,2.363585136614945,4.271147549655948,3.056649,0.16226743401785537,True,True,1.2432547414957518,1.9075624130410032
2018-05-01,1,2018-05-02,3.149942466689809,3.1395043783638608,3.180151073305809,3.1334001893768058,3.6322530856209454,3.133951,0.015991466689808664,False,True,0.04064669494194817,0.49885289624413964
2018-05-01,7,2018-05-08,3.253729356458895,3.1914745687087374,3.735746658809188,3.1751601512791914,4.1817126167195955,3.137437,0.11629235645889535,False,False,0.5442720901004505,1.006552465440404
2018-05-01,14,2018-05-15,3.31893217498998,3.231136314631001,3.8084862184800214,3.1947519183245707,4.2621049596376865,3.13075,0.18818217498998013,False,False,0.5773499038490204,1.0673530413131158
2018-05-01,30,2018-05-31,3.8169345371771466,3.341363308595474,4.528928281717517,3.288521433997341,4.965252241660753,3.232325,0.5846095371771467,False,False,1.1875649731220435,1.6767308076634122
2018-05-01,90,2018-07-30,4.954585074215306,4.0279144084064065,6.000193608352454,3.682144106717736,6.864340676006497,3.006322,1.9482630742153058,False,False,1.9722791999460476,3.1821965692887613
2018-05-31,1,2018-06-01,2.9205511962219295,2.899018284719421,2.9411911175604684,2.894808531844237,2.9558360376667747,3.195488,-0.2749368037780706,False,False,0.04217283284104756,0.0610275058225378
2018-05-31,7,2018-06-07,2.9170514576827595,2.8701883461531925,2.9807031152136516,2.8580059930029322,3.0035614468549783,3.100378,-0.18332654231724055,False,False,0.1105147690604591,0.14555545385204605
2018-05-31,14,2018-06-14,2.996937913717321,2.9183385036456007,3.072869775368043,2.8767853597024007,3.128477797229354,3.108585,-0.11164708628267928,False,True,0.1545312717224423,0.25169243752695314
2018-05-31,30,2018-06-30,3.1014851824417295,3.001255961944804,3.2293533587791563,2.9432681827355567,3.3117767925927013,3.056649,0.04483618244172938,True,True,0.22809739683435248,0.3685086098571446
2018-05-31,90,2018-08-29,2.8744092644158865,2.692288284914239,3.1116743722593116,2.594359659952837,3.198643654852068,2.818905,0.05550426441588652,True,True,0.41938608734507277,0.6042839948992307
2018-06-30,1,2018-07-01,2.897644278123357,2.8712260321390737,2.915515819985548,2.845486842342426,3.1792599433054347,3.151311,-0.2536667218766433,False,True,0.044289787846474304,0.3337731009630085
2018-06-30,7,2018-07-07,2.8296274505555163,2.754472415490541,3.092707778553301,2.7005311541384662,3.1445987619748657,3.12691,-0.29728254944448373,False,True,0.3382353630627599,0.4440676078363994
2018-06-30,14,2018-07-14,2.8372118953979397,2.6694682164052597,3.327381251012491,2.6245588407432745,3.4232867446502504,3.056386,-0.2191741046020601,True,True,0.6579130346072315,0.7987279039069759
2018-06-30,30,2018-07-30,2.8497789839464827,2.5124815807291845,3.2310937356420566,2.433717857682516,3.599218337825136,3.006322,-0.15654301605351728,True,True,0.7186121549128721,1.16550048014262
2018-06-30,90,2018-09-28,2.4115100822825863,1.8003597290691031,3.2012861045309426,1.6136424518195491,3.5942910450682057,2.589084,-0.17757391771741382,True,True,1.4009263754618395,1.9806485932486566
2018-07-30,1,2018-07-31,2.986652083828739,2.9681389870107653,3.0062767496349094,2.956168057302505,3.240392935839803,2.984984,0.0016680838287390642,True,True,0.038137762624144145,0.28422487853729805
2018-07-30,7,2018-08-06,2.736604456640762,2.6828599015954566,2.9633287405939477,2.645450725126753,3.011223188828654,2.828543,-0.0919385433592379,True,True,0.28046883899849107,0.36577246370190064
2018-07-30,14,2018-08-13,2.800194689571783,2.6862009662213846,3.2230300078932914,2.637676955221613,3.288670468345176,2.791712,0.008482689571783109,True,True,0.5368290416719068,0.6509935131235633
2018-07-30,30,2018-08-29,3.0172351904282744,2.7211302131171586,3.358800677972885,2.653965178298289,3.7385550510419407,2.818905,0.19833019042827438,True,True,0.6376704648557263,1.0845898727436518
2018-07-30,90,2018-10-28,3.1917069955267827,2.6347042348537872,3.8618417515198886,2.389584902948639,4.121748824272858,2.658577,0.5331299955267825,True,True,1.2271375166661014,1.732163921324219
2018-08-29,1,2018-08-30,2.800398629693685,2.77135850828168,2.810669295737351,2.763086163861434,2.901945124739453,2.789012,0.01138662969368509,True,True,0.03931078745567085,0.13885896087801886
2018-08-29,7,2018-09-05,2.33296154787141,2.2722751326258424,2.432457187145733,2.251076785808126,2.4911172433750717,2.432399,-0.09943745212859012,True,True,0.16018205451989065,0.2400404575669457
2018-08-29,14,2018-09-12,2.342538876732065,2.2443760699531463,2.4709041900617974,2.2103462068129076,2.535001156075924,2.459886,-0.11734712326793506,True,True,0.2265281201086511,0.3246549492630164
2018-08-29,30,2018-09-28,2.415237772854357,2.2614905062606234,2.611503624431541,2.194651822929793,2.7397080391040696,2.589084,-0.17384622714564335,True,True,0.3500131181709176,0.5450562161742765
2018-08-29,90,2018-11-27,2.8630457228707558,2.6098071575499255,3.1430227605434564,2.4826452012127964,3.2967414434118782,2.355667,0.5073787228707558,False,False,0.5332156029935309,0.8140962421990818
2018-09-28,1,2018-09-29,2.5803525116379986,2.568038436076717,2.6060941416962833,2.5590648342660924,2.6488545456636623,2.581057,-0.0007044883620013209,True,True,0.03805570561956628,0.08978971139756986
2018-09-28,7,2018-10-05,2.707645330741318,2.670980862484463,2.7746501117003795,2.646948517720268,2.829266237198843,2.684825,0.022820330741318173,True,True,0.10366924921591636,0.18231771947857478
2018-09-28,14,2018-10-12,2.7833294996711864,2.716128218162029,2.8665940669784438,2.6878935270578546,2.905431944984023,2.759817,0.023512499671186404,True,True,0.15046584881641456,0.21753841792616857
2018-09-28,30,2018-10-28,2.865168472436933,2.771039871836943,2.988434898217579,2.719873601285222,3.067027702943866,2.658577,0.20659147243693265,False,False,0.21739502638063568,0.34715410165864435
2018-09-28,90,2018-12-27,3.6869277302480605,3.4853370395371672,3.8896230086152603,3.3861304959382275,4.054881540553616,2.293108,1.3938197302480604,False,False,0.4042859690780931,0.6687510446153886
2018-10-28,1,2018-10-29,2.658373826187959,2.64119943877587,2.671633745344753,2.5988364556211723,2.689758025867813,2.624206,0.034167826187958994,False,True,0.030434306568882796,0.09092157024664083
2018-10-28,7,2018-11-04,2.9520554483556554,2.8863099846044675,3.009059213798329,2.860792602209526,3.028273342267785,2.666228,0.28582744835565554,False,False,0.12274922919386144,0.16748074005825941
2018-10-28,14,2018-11-11,2.873580804983627,2.7821180924636195,2.961647500195162,2.7568367960752043,2.9958785151704546,2.499973,0.3736078049836271,False,False,0.17952940773154236,0.2390417190952503
2018-10-28,30,2018-11-27,2.9084118914549255,2.778561627615919,3.0305295950147197,2.721964270179564,3.0909112637496365,2.355667,0.5527448914549256,False,False,0.2519679673988007,0.36894699357007266
2018-10-28,90,2019-01-26,2.5059204387137095,2.283691193386677,2.7322893057165647,2.179670595662881,2.8168318991604155,2.079401,0.4265194387137097,False,False,0.44859811232988767,0.6371613034975345
2018-11-27,1,2018-11-28,2.3519319108308454,2.308183594988716,2.3627259331178094,2.2981240621706545,2.3678408947750804,2.367569,-0.015637089169154628,False,True,0.05454233812909326,0.06971683260442596
2018-11-27,7,2018-12-04,2.440358054359598,2.2271756365955717,2.4969320980685104,2.018206378696097,2.5188375148787494,2.403171,0.037187054359598015,True,True,0.26975646147293864,0.5006311361826525
2018-11-27,14,2018-12-11,2.3750081170521296,2.1285060748733917,2.4952325678464335,1.9630620499348288,2.5316107318766736,2.428443,-0.05343488294787058,True,True,0.36672649297304183,0.5685486819418448
2018-11-27,30,2018-12-27,2.0286007033157136,1.6449323898261312,2.263132749817146,1.442380292373032,2.3306663838090493,2.293108,-0.2645072966842865,False,True,0.6182003599910146,0.8882860914360173
2018-11-27,90,2019-02-25,-0.2843517305679557,-0.8786412027953507,0.2197385471624966,-1.1695744100381584,0.42086568943712993,1.800362,-2.0847137305679557,False,False,1.0983797499578474,1.5904400994752883
2018-12-27,1,2018-12-28,2.27871276567141,2.2594409007857372,2.2877785789867664,2.246584055485406,2.2920246324760334,2.290226,-0.011513234328590194,False,True,0.02833767820102917,0.045440576990627424
2018-12-27,7,2019-01-03,1.7506494013220695,1.6767280595469978,1.7934895519223946,1.634583549958498,1.8110273303349986,2.127379,-0.37672959867793043,False,False,0.11676149237539679,0.17644378037650066
2018-12-27,14,2019-01-10,1.7164410630884261,1.6168193106213322,1.783403047158819,1.561184578143464,1.8182140327885608,2.147673,-0.431231936911574,False,False,0.1665837365374867,0.25702945464509686
2018-12-27,30,2019-01-26,1.5150429556057285,1.3853975663243454,1.6178269986303015,1.3210396214707951,1.6658362496932304,2.079401,-0.5643580443942713,False,False,0.23242943230595614,0.3447966282224353
2018-12-27,90,2019-03-27,-0.07889023394661487,-0.2783443722084713,0.08863711218821987,-0.3478119625854178,0.17293406165081554,1.866972,-1.945862233946615,False,False,0.3669814843966912,0.5207460242362334
2019-01-26,1,2019-01-27,2.0778874701972896,2.069500910608576,2.088429005973488,2.062616176048668,2.0892935502834744,2.075348,0.002539470197289617,True,True,0.0189280953649118,0.02667737423480654
2019-01-26,7,2019-02-02,1.4537219632491407,1.4146776477863612,1.7983283204293867,1.380609078340064,1.8114168360305074,1.687282,-0.23356003675085923,True,True,0.38365067264302555,0.43080775769044344
2019-01-26,14,2019-02-09,1.4592396317017555,1.3972284547133675,1.8123506533415004,1.3677882223435291,2.163761499469322,1.687055,-0.22781536829824445,True,True,0.4151221986281328,0.7959732771257928
2019-01-26,30,2019-02-25,1.802522008220805,1.4412981005422156,2.198867945487907,1.4031785244799941,2.809969837212713,1.800362,0.0021600082208050875,True,True,0.7575698449456914,1.406791312732719
2019-01-26,90,2019-04-26,1.3812092370327513,0.6657949580723246,2.165239806626155,0.3299679646215794,2.7132266152056155,1.812398,-0.4311887629672486,True,True,1.4994448485538303,2.383258650584036
2019-02-25,1,2019-02-26,1.803578399216277,1.7914090841040455,1.8240382580197114,1.7833433368733778,2.0744303806127684,1.794256,0.009322399216276978,True,True,0.03262917391566589,0.29108704373939065
2019-02-25,7,2019-03-04,1.307733269259337,1.2555826759905167,1.5772363471484387,1.240461001624206,1.8312324302546155,1.596813,-0.28907973074066295,False,True,0.3216536711579221,0.5907714286304095
2019-02-25,14,2019-03-11,1.366728276172702,1.279816495500348,1.6367431841313798,1.2518520407205167,1.8703133746269738,1.647607,-0.28087872382729806,False,True,0.35692668863103183,0.6184613339064571
2019-02-25,30,2019-03-27,1.5830412766065007,1.300340422375508,1.945551605745899,1.2445242519733277,2.1723114845206126,1.866972,-0.28393072339349934,True,True,0.6452111833703911,0.9277872325472849
2019-02-25,90,2019-05-26,1.0871409227890207,0.5106718077468033,1.8128528569183813,0.303884423744182,2.178530390083087,1.510527,-0.4233860772109792,True,True,1.302181049171578,1.874645966338905
2019-03-27,1,2019-03-28,1.8732244183886082,1.8606950325896654,1.908108315526047,1.8596320464799754,1.9268839930305415,1.866352,0.006872418388608192,True,True,0.047413282936381584,0.0672519465505661
2019-03-27,7,2019-04-03,1.605326058528922,1.5423776965784008,1.936381666167386,1.5257626521047174,2.2778160286742084,1.871805,-0.266478941471078,True,True,0.3940039695889852,0.752053376569491
2019-03-27,14,2019-04-10,1.6781528330238937,1.580685466069951,2.0678695112168066,1.5405737255146263,2.3454109361179305,1.919102,-0.24094916697610635,True,True,0.48718404514685565,0.8048372106033042
2019-03-27,30,2019-04-26,1.8844495824035579,1.5698866462056782,2.366078423614326,1.4892153360652305,2.688087953655694,1.812398,0.07205158240355791,True,True,0.796191777408648,1.1988726175904634
2019-03-27,90,2019-06-25,2.4146695621018677,1.7199050245955538,3.3943958767503775,1.4326404229017131,3.799037713479854,1.821893,0.5927765621018677,True,True,1.6744908521548236,2.366397290578141
2019-04-26,1,2019-04-27,1.7845961886162236,1.7746661619956487,1.805601163401323,1.767375256849531,1.8478162071080177,1.783996,0.0006001886162236847,True,True,0.03093500140567418,0.08044095025848685
2019-04-26,7,2019-05-03,1.3108554081293926,1.2568423207781003,1.627887283840606,1.2394828063941155,1.6720119077016116,1.605661,-0.2948055918706074,True,True,0.3710449630625057,0.4325291013074961
2019-04-26,14,2019-05-10,1.400549952657078,1.2969666119054017,1.7362203805351366,1.2527017859727034,2.0856193296662835,1.574913,-0.17436304734292207,True,True,0.43925376862973486,0.8329175436935801
2019-04-26,30,2019-05-26,1.613995996653757,1.2352171731396582,2.041828961342445,1.1825563476708678,2.591954446277993,1.510527,0.10346899665375697,True,True,0.8066117882027868,1.4093980986071253
2019-04-26,90,2019-07-25,2.369955246719953,1.5966595770448326,3.1029328698836367,1.3436797938309208,3.616825833182248,1.948141,0.42181424671995305,True,True,1.506273292838804,2.273146039351327
2019-05-26,1,2019-05-27,1.5093400429295685,1.4940347822804452,1.5323631509142006,1.4918919692356964,1.5420022248725458,1.498898,0.010442042929568407,True,True,0.03832836863375544,0.050110255636849343
2019-05-26,7,2019-06-02,1.2567128122771993,1.2059204197829494,1.5731130310341264,1.1880900383382444,1.6073170473439198,1.668131,-0.4114181877228007,False,False,0.36719261125117697,0.41922700900567533
2019-05-26,14,2019-06-09,1.3322104973259525,1.2605524305582978,1.6877095958897865,1.2418228169115244,2.030347430889739,1.657739,-0.32552850267404754,True,True,0.42715716533148873,0.7885246139782145
2019-05-26,30,2019-06-25,1.7968396234234458,1.4398011640322823,2.214301710801823,1.3778371084129277,2.77958150970335,1.821893,-0.025053376576554154,True,True,0.7745005467695407,1.4017444012904223
2019-05-26,90,2019-08-24,2.2693310827745776,1.5633709809486558,3.0207439454558243,1.2824280834452042,3.5864381845947753,1.739736,0.5295950827745777,True,True,1.4573729645071685,2.3040101011495713
2019-06-25,1,2019-06-26,1.8215043715445167,1.802349203763679,1.8450271696904197,1.7978824353500933,2.2347723238441732,1.812208,0.00929637154451668,True,True,0.04267796592674067,0.43688988849407995
2019-06-25,7,2019-07-02,1.5918421131774918,1.5250464426263688,2.009370489793473,1.4869379527017779,2.4114867670957216,1.88089,-0.28904788682250815,True,True,0.4843240471671042,0.9245488143939438
2019-06-25,14,2019-07-09,1.6048394573993685,1.4849108428499835,2.02876558505131,1.4313338064193304,2.405480859238873,1.90453,-0.29969054260063155,True,True,0.5438547422013265,0.9741470528195424
2019-06-25,30,2019-07-25,1.9501121489553663,1.5135300251754524,2.5577257621315166,1.443056312567121,2.856003580289897,1.948141,0.0019711489553664308,True,True,1.0441957369560642,1.412947267722776
2019-06-25,90,2019-09-23,2.5003309932679554,1.5985718303825747,3.5553199119234082,1.2423963388434789,4.1831678096227165,1.682567,0.8177639932679555,True,True,1.9567480815408336,2.9407714707792376
2019-07-25,1,2019-07-26,1.9536199440074864,1.940433269216576,1.9749539725881748,1.9290595777000619,2.2523552163491187,1.944846,0.008773944007486323,True,True,0.03452070337159885,0.32329563864905686
2019-07-25,7,2019-08-01,1.870803855336497,1.8190732275415111,2.1794450954244047,1.8043802793666592,2.4427629783276283,1.852581,0.018222855336496924,True,True,0.36037186788289355,0.6383826989609691
2019-07-25,14,2019-08-08,1.9033064397383581,1.8279972405622813,2.2275159802154674,1.8013321328483751,2.4786785305075774,1.817198,0.08610843973835802,False,True,0.3995187396531861,0.6773463976592022
2019-07-25,30,2019-08-24,2.2771448866044617,1.9495149201675022,2.757294308655501,1.8981637967014426,2.952889168640427,1.739736,0.5374088866044617,False,False,0.8077793884879989,1.0547253719389842
2019-07-25,90,2019-10-23,2.905057352573633,2.1734096394324784,3.6783025838534953,1.9198986271157765,4.160251179572418,1.531998,1.3730593525736332,False,False,1.5048929444210168,2.2403525524566414
2019-08-24,1,2019-08-25,1.7341479293744826,1.716106869641824,1.7456746870487676,1.6751584852588846,1.752532860817743,1.737814,-0.0036660706255173814,True,True,0.029567817406943586,0.07737437555885851
2019-08-24,7,2019-08-31,1.6889481289679569,1.6179555079384793,1.76830369456554,1.5709487279966676,1.817647936545651,1.73968,-0.05073187103204302,True,True,0.15034818662706062,0.24669920854898342
2019-08-24,14,2019-09-07,1.5456967848556629,1.4548298558023813,1.6566548456278178,1.4077188709320398,1.7367922681472197,1.576701,-0.031004215144337044,True,True,0.2018249898254365,0.3290733972151798
2019-08-24,30,2019-09-23,1.4006949403447904,1.224246790078502,1.5475467464518058,1.1615467921879956,1.6511942315403627,1.682567,-0.28187205965520956,False,False,0.3232999563733039,0.4896474393523671
2019-08-24,90,2019-11-22,1.602310184716335,1.305735029738994,1.8823290414254494,1.177297442658144,2.027320160912612,1.768469,-0.16615881528366505,True,True,0.5765940116864554,0.8500227182544682
2019-09-23,1,2019-09-24,1.6843331202909024,1.6747820525599073,1.716116643120967,1.6739622966898555,1.7282254417284355,1.692831,-0.008497879709097544,True,True,0.04133459056105959,0.054263145038579985
2019-09-23,7,2019-09-30,1.7016199585953558,1.6474872397393987,1.7595290330058495,1.618573187986916,1.7980663181890861,1.717989,-0.016369041404644236,True,True,0.1120417932664508,0.17949313020217006
2019-09-23,14,2019-10-07,1.718764226297363,1.6439012791208925,1.8055121662497127,1.6083352885959374,1.8395743905867026,1.43674,0.2820242262973631,False,False,0.1616108871288202,0.23123910199076514
2019-09-23,30,2019-10-23,1.8153426604623475,1.7062192551027018,1.9116023373664388,1.643820106624876,1.9745185903885494,1.531998,0.2833446604623475,False,False,0.20538308226373703,0.3306984837636733
2019-09-23,90,2019-12-22,2.817724081182547,2.6176414652018636,2.9959128523583693,2.4783364351300596,3.1152419566897813,2.074361,0.7433630811825469,False,False,0.37827138715650577,0.6369055215597217
2019-10-23,1,2019-10-24,1.5328259617009332,1.5225400194598937,1.5506263078257299,1.5187509856397041,1.569876056952767,1.52908,0.0037459617009332202,True,True,0.028086288365836154,0.051125071313062875
2019-10-23,7,2019-10-30,1.5887470365613543,1.3554934518843453,1.643888065077107,1.311119798059982,1.6602598412102838,1.569189,0.019558036561354353,True,True,0.2883946131927617,0.3491400431503018
2019-10-23,14,2019-11-06,1.8737940839047773,1.6292389321033751,1.946832222293674,1.4458972423310452,1.988949515361571,1.627374,0.2464200839047772,False,True,0.3175932901902989,0.5430522730305258
2019-10-23,30,2019-11-22,1.9184256948601142,1.5821254129398976,2.1665246133191283,1.366518535197951,2.2257189408379685,1.768469,0.1499566948601141,True,True,0.5843992003792307,0.8592004056400175
2019-10-23,90,2020-01-21,1.5779580033737794,0.9538560607171653,2.0752603807374967,0.7609926882777968,2.2772027101797807,2.227484,-0.6495259966262206,False,True,1.1214043200203314,1.5162100219019838
2019-11-22,1,2019-11-23,1.7801998809683637,1.7649717119865014,1.7897731393473557,1.7590142524230006,1.7964674782323007,1.78236,-0.002160119031636265,True,True,0.024801427360854333,0.037453225809300106
2019-11-22,7,2019-11-29,1.8216505337683317,1.5705362278282773,1.8541648104994843,1.354722554233728,1.865521109644411,1.849069,-0.027418466231668326,True,True,0.28362858267120705,0.5107985554106831
2019-11-22,14,2019-12-06,1.9492235459107552,1.6866766251739693,1.9991781173609988,1.476878798989189,2.0255901303545722,1.958306,-0.009082454089244907,True,True,0.3125014921870295,0.5487113313653833
2019-11-22,30,2019-12-22,1.792957099895259,1.4931150641389799,2.0332402082733423,1.2564887685834407,2.0591664414932866,2.074361,-0.28140390010474103,False,False,0.5401251441343624,0.8026776729098459
2019-11-22,90,2020-02-20,0.7110050322167103,0.14540302250697004,1.1195452165696027,-0.3050654606460986,1.2682083255299565,2.227387,-1.5163819677832895,False,False,0.9741421940626327,1.573273786176055
2019-12-22,1,2019-12-23,2.0778836645726195,2.0701545178683145,2.09123142768761,2.042322105797715,2.0980908330199557,2.067573,0.010310664572619643,False,True,0.02107690981929533,0.05576872722224069
2019-12-22,7,2019-12-29,2.114519309333238,2.06352680098304,2.1748788423477006,2.0301230144320606,2.2018179370477036,2.14257,-0.028050690666761913,True,True,0.1113520413646607,0.171694922615643
2019-12-22,14,2020-01-05,1.7966691764817,1.7436706512196554,1.8625141704563863,1.7012098467621262,1.8984736776794804,2.235289,-0.43861982351829987,False,False,0.11884351923673098,0.19726383091735422
2019-12-22,30,2020-01-21,1.819234171079096,1.712307938651747,1.9088939327299492,1.664033848048519,1.9652886216869987,2.227484,-0.408249828920904,False,False,0.1965859940782022,0.30125477363847963
2019-12-22,90,2020-03-21,0.9763497858780812,0.7833836846289066,1.1462531743795945,0.7272286272224532,1.2990785231400188,1.267944,-0.29159421412191877,False,True,0.3628694897506879,0.5718498959175656
2020-01-21,1,2020-01-22,2.228566105162098,2.2104212189862342,2.2464248960684845,2.2041941808714864,2.2900397958967615,2.226752,0.001814105162098123,True,True,0.036003677082250274,0.0858456150252751
2020-01-21,7,2020-01-28,2.2608080561737336,2.2121342255110648,2.664755539696651,2.1829593544138066,2.728257633073819,2.135691,0.1251170561737336,False,False,0.45262131418558615,0.5452982786600122
2020-01-21,14,2020-02-04,2.0248383463195,1.9391230301791778,2.4552320857826397,1.9049303027688618,2.79573749349656,2.19472,-0.16988165368049968,True,True,0.516109055603462,0.8908071907276982
2020-01-21,30,2020-02-20,2.346877193629813,1.9279306896158959,2.8642159200616972,1.8559278737922036,3.327786050422988,2.227387,0.11949019362981339,True,True,0.9362852304458014,1.4718581766307846
2020-01-21,90,2020-04-20,2.163758069294384,1.3691495374019618,2.9993205444193682,1.111694555426297,3.59000278045163,-0.448964,2.612722069294384,False,False,1.6301710070174065,2.478308225025333
2020-02-20,1,2020-02-21,2.2132976293075504,2.187623071055952,2.2274278713207276,2.176260736755428,2.641126086598519,2.224097,-0.010799370692449628,True,True,0.03980480026477551,0.464865349843091
2020-02-20,7,2020-02-27,2.1734255593164855,2.114900090747075,2.5855022400625107,2.089022728088773,2.615445945719463,2.132453,0.04097255931648558,True,True,0.47060214931543554,0.5264232176306898
2020-02-20,14,2020-03-05,1.871707597362934,1.7511987157831324,2.32390998639502,1.7237917983463622,2.704477965812904,1.928438,-0.05673040263706608,True,True,0.5727112706118875,0.9806861674665419
2020-02-20,30,2020-03-21,1.9246686252934988,1.4684052085693202,2.4987015828091255,1.3631151596389515,2.9410619106011673,1.267944,0.6567246252934988,False,False,1.0302963742398052,1.5779467509622158
2020-02-20,90,2020-05-20,1.6053076734160756,0.6727050547020244,2.66173252266401,0.3113293109452816,3.3754668724182118,-0.609443,2.2147506734160753,False,False,1.9890274679619857,3.06413756147293
2020-03-21,1,2020-03-22,1.2571416838847007,1.2115319166157281,1.280006582664003,1.161449035634944,1.2942738753177836,1.252709,0.004432683884700639,True,True,0.0684746660482749,0.13282483968283954
2020-03-21,7,2020-03-28,1.1221340666093051,1.01317485789049,1.312954885658443,0.912792743042661,1.371168759046226,1.106554,0.01558006660930511,True,True,0.299780027767953,0.45837601600356503
2020-03-21,14,2020-04-04,0.6417386781963033,0.4743211361964397,0.9361686192955823,0.4043814536158754,1.0724399210439686,-0.229434,0.8711726781963033,False,False,0.4618474830991426,0.6680584674280932
2020-03-21,30,2020-04-20,0.32323406173972025,0.049274438493462025,0.664791747016319,-0.048776786507102356,0.9845402228583907,-0.448964,0.7721980617397202,False,False,0.615517308522857,1.033317009365493
2020-03-21,90,2020-06-19,-0.9755708112006587,-1.4979186133274023,-0.39130730713568296,-1.7132914020276289,-0.035199132777488956,0.167277,-1.1428478112006588,False,False,1.1066113061917193,1.6780922692501399
2020-04-20,1,2020-04-21,-0.44772444945233963,-0.4842329348195478,-0.4341341898796685,-1.232985239526078,-0.38866442317036337,-0.462344,0.014619550547660343,True,True,0.050098744939879314,0.8443208163557148
2020-04-20,7,2020-04-27,-0.5173014196691121,-1.3679642217782322,-0.43602254599457485,-1.4698227764073022,-0.38291885399133496,-0.480732,-0.036569419669112146,True,True,0.9319416757836574,1.0869039224159671
2020-04-20,14,2020-05-04,-0.9879523332033273,-1.8564967298068629,-0.8128089376961372,-2.639358713652316,-0.7273225503992258,-0.737619,-0.2503333332033273,False,True,1.0436877921107257,1.9120361632530902
2020-04-20,30,2020-05-20,-1.8840438000402564,-2.832606945492439,-0.9725012921258696,-3.6586653943910576,-0.8881541424244092,-0.609443,-1.2746008000402564,False,False,1.8601056533665696,2.7705112519666484
2020-04-20,90,2020-07-19,-4.513827456172113,-6.241052676387212,-2.889562172614056,-7.195990181425943,-2.038818752639443,0.753792,-5.267619456172112,False,False,3.3514905037731557,5.1571714287865
2020-05-20,1,2020-05-21,-0.5977770143911114,-0.6198764865868582,-0.5775803379851412,-0.6306850528333812,-0.5727474463913909,-0.605193,0.0074159856088885645,True,True,0.04229614860171704,0.05793760644199031
2020-05-20,7,2020-05-27,-0.5688850477246892,-0.6193827522776933,-0.5093935258544584,-0.6460802575965225,-0.46893432517586336,-0.532325,-0.036560047724689126,True,True,0.10998922642323494,0.17714593242065918
2020-05-20,14,2020-06-03,-0.9333659190193482,-1.0191079587298584,-0.8293264129957805,-1.0416766639648865,-0.781712920427705,-0.0462,-0.8871659190193482,False,False,0.1897815457340779,0.25996374353718144
2020-05-20,30,2020-06-19,-0.7463774717101761,-0.8921928302441511,-0.5922305357583373,-0.9416776099946862,-0.5127181702404144,0.167277,-0.9136544717101761,False,False,0.2999622944858138,0.42895943975427175
2020-05-20,90,2020-08-18,-0.5209496714188204,-0.7295443014492202,-0.33932170547055596,-0.8572934789123953,-0.24649003267071834,1.329995,-1.8509446714188205,False,False,0.39022259597866427,0.6108034462416769
2020-06-19,1,2020-06-20,0.1821385532404195,0.172034851805981,0.20666792570079962,0.12100672059259898,1.1117673989370034,0.164957,0.017181553240419506,False,True,0.03463307389481862,0.9907606783444044
2020-06-19,7,2020-06-26,0.18359070229576713,0.10390531823723725,1.1624913718456829,0.059900692319406645,1.1987637618192946,0.149147,0.034443702295767126,True,True,1.0585860536084457,1.1388630694998878
2020-06-19,14,2020-07-03,-0.08613423399460485,-0.18594547338956724,0.9154398125395589,-0.24262477572218122,1.948889454001813,0.715821,-0.8019552339946049,True,True,1.1013852859291262,2.1915142297239942
2020-06-19,30,2020-07-19,0.8352181604706642,-0.1659235094296586,1.9455069638131004,-0.237695401566491,2.893321505963957,0.753792,0.0814261604706642,True,True,2.111430473242759,3.1310169075304484
2020-06-19,90,2020-09-17,3.4168832118543944,1.0397049170352766,5.816137180218307,0.2214614267713593,6.884116485837549,1.306808,2.1100752118543946,True,True,4.776432263183031,6.66265505906619
2020-07-19,1,2020-07-20,0.7577660682660106,0.7473087129709868,0.7848010807344787,0.6980824425563938,1.6428361603965238,0.741225,0.01654106826601054,False,True,0.03749236776349196,0.94475371784013
2020-07-19,7,2020-07-26,0.8362719525417031,0.7559851894164995,1.7704289079627624,0.7172877136874236,1.8111578320178299,0.835375,0.0008969525417030777,True,True,1.014443718546263,1.0938701183304063
2020-07-19,14,2020-08-02,0.8803260572942475,0.7601885783495257,1.8301346839665291,0.7069910769818851,2.7636946105564197,1.076356,-0.19602994270575258,True,True,1.0699461056170034,2.0567035335745345
2020-07-19,30,2020-08-18,1.9464713816682158,0.994521059056366,3.0174501607511206,0.9205636185085355,3.9533616856321325,1.329995,0.6164763816682157,True,True,2.0229291016947544,3.032798067123597
2020-07-19,90,2020-10-17,4.250480954142413,1.991709083393918,6.5389403868174,1.1921041751261727,7.6071937304145445,1.242202,3.008278954142413,False,True,4.547231303423482,6.415089555288372
2020-08-18,1,2020-08-19,1.3365870653314122,1.321680046078982,1.3636301812110003,1.316495341352813,1.5664526910264038,1.368269,-0.03168193466858771,False,True,0.041950135132018396,0.24995734967359073
2020-08-18,7,2020-08-25,1.3678556472757115,1.3265310543355386,1.6126643248941648,1.2968680416209228,1.8205734781092744,1.434829,-0.06697335272428839,True,True,0.28613327055862614,0.5237054364883516
2020-08-18,14,2020-09-01,1.4795071352656282,1.3992119979217528,1.7261979319607297,1.3654178533822954,1.917407592698527,1.342051,0.13745613526562805,False,False,0.3269859340389769,0.5519897393162316
2020-08-18,30,2020-09-17,1.6500388379638682,1.384244980037051,1.9690140005348595,1.2955966155173528,2.3456294141766145,1.306808,0.3432308379638682,False,True,0.5847690204978084,1.0500327986592617
2020-08-18,90,2020-11-16,2.831524063654972,2.267057011779919,3.459779935037258,2.11061063068797,3.7210508601345604,1.338021,1.493503063654972,False,False,1.1927229232573389,1.6104402294465903
2020-09-17,1,2020-09-18,1.314151475561905,1.3027266022396196,1.334104027162027,1.2871243726941113,1.3453714158490266,1.298341,0.01581047556190507,False,True,0.03137742492240747,0.05824704315491536
2020-09-17,7,2020-09-24,1.2941248608673146,1.0577938226691026,1.3482210844289628,0.9071059842797292,1.3746165996303534,1.216825,0.07729986086731455,True,True,0.2904272617598602,0.4675106153506242
2020-09-17,14,2020-10-01,1.5432678858817013,1.1968352467156869,1.6368734645184009,1.0610409306439657,1.6741763756212664,1.241776,0.3014918858817013,True,True,0.440038217802714,0.6131354449773008
2020-09-17,30,2020-10-17,1.4050431948877413,1.1085280259873527,1.679577304142928,0.8650754256577843,1.7458158656465281,1.242202,0.1628411948877413,True,True,0.5710492781555754,0.8807404399887439
2020-09-17,90,2020-12-16,1.62834869850453,1.1113369576426086,2.16687646032332,0.794060975978998,2.4356422116008964,1.286396,0.3419526985045298,True,True,1.0555395026807115,1.6415812356218984
2020-10-17,1,2020-10-18,1.2432281275716905,1.2221260274344303,1.2670800223862877,1.2033383114938367,1.2779979614637693,1.233524,0.00970412757169048,True,True,0.04495399495185737,0.07465964996993257
2020-10-17,7,2020-10-24,1.2778076143050898,1.0496964475730242,1.3453584817980724,0.8485366537528255,1.374277832247176,1.287298,-0.00949038569491023,True,True,0.2956620342250482,0.5257411784943505
2020-10-17,14,2020-10-31,1.5112245033598393,1.1583379840708574,1.6242559848589344,1.0592783209199408,1.6591675455672161,1.218635,0.29258950335983935,True,True,0.465918000788077,0.5998892246472753
2020-10-17,30,2020-11-16,1.358408719308909,1.0413283862251344,1.6345369675378463,0.8356802869708385,1.7643506235334085,1.338021,0.020387719308909036,True,True,0.5932085813127119,0.92867033656257
2020-10-17,90,2021-01-15,0.5543816266922097,0.060110513132526355,1.112761969018331,-0.26626030300918613,1.272019281888081,1.477491,-0.9231093733077904,False,False,1.0526514558858047,1.5382795848972672
2020-11-16,1,2020-11-17,1.3546880657063993,1.3389194778443532,1.3803521230821842,1.3161937227571394,1.403383007404035,1.355252,-0.0005639342936005765,True,True,0.04143264523783108,0.08718928464689557
2020-11-16,7,2020-11-23,1.3520277796105757,1.0898981155803606,1.415410073939198,1.0515494126967369,1.4636861153353455,1.381417,-0.029389220389424153,True,True,0.3255119583588373,0.4121367026386087
2020-11-16,14,2020-11-30,1.3953948431692504,1.083882611823876,1.5110970330329994,0.9170993153161306,1.5447640538164293,1.433213,-0.03781815683074963,True,True,0.42721442120912334,0.6276647385002987
2020-11-16,30,2020-12-16,1.2006752791951398,0.7991145550643637,1.4245435673324254,0.5851515105630535,1.4965013837162258,1.286396,-0.08572072080486026,True,True,0.6254290122680617,0.9113498731531723
2020-11-16,90,2021-02-14,0.05952179405371805,-0.6949418437529247,0.6882340600786313,-0.9834488914014993,0.9058084899920551,2.164767,-2.105245205946282,False,False,1.3831759038315559,1.8892573813935543
2020-12-16,1,2020-12-17,1.2963832984684391,1.2794063204747623,1.3115628826817043,1.267622896288163,1.3208321428544993,1.302808,-0.006424701531560828,True,True,0.03215656220694196,0.0532092465663363
2020-12-16,7,2020-12-23,1.3083953192819846,1.1653117498057146,1.3524118716662807,1.1347240909603111,1.370322291534715,1.419181,-0.11078568071801542,False,False,0.18710012186056613,0.23559820057440395
2020-12-16,14,2020-12-30,1.257068314813569,1.0846979805030081,1.3433322162243304,0.9605856611331464,1.3704319784536239,1.421414,-0.1643456851864309,False,False,0.25863423572132227,0.4098463173204775
2020-12-16,30,2021-01-15,0.842355503301228,0.6546310725444864,1.0354993521901272,0.5199551793569767,1.0752480016680004,1.477491,-0.6351354966987721,False,False,0.38086827964564085,0.5552928223110237
2020-12-16,90,2021-03-16,0.8420002975673684,0.4108194430480021,1.2032735862899806,0.18508237587413312,1.3533335925786432,3.941974,-3.0999737024326315,False,False,0.7924541432419785,1.16825121670451
2021-01-15,1,2021-01-16,1.4676882761869208,1.456688617472293,1.5015064639719493,1.4508860573600706,1.7529883670211714,1.458995,0.008693276186920729,True,True,0.044817846499656255,0.30210230966110085
2021-01-15,7,2021-01-22,1.5945945930781606,1.5297993014366589,1.880228671339446,1.509803129840338,1.9054724567587067,1.427276,0.16731859307816066,False,False,0.35042936990278717,0.39566932691836865
2021-01-15,14,2021-01-29,1.851541083182087,1.745453073874153,2.15445785760162,1.69796153371637,2.421422773721283,1.623627,0.22791408318208717,False,False,0.40900478372746685,0.7234612400049127
2021-01-15,30,2021-02-14,1.8642499342449796,1.5898155859090162,2.2459715533088658,1.5208395599953484,2.4509180091113976,2.164767,-0.30051706575502024,True,True,0.6561559673998496,0.9300784491160492
2021-01-15,90,2021-04-15,4.694035200541738,4.11579594951609,5.475987416855517,3.9449476172755844,5.851775452485371,6.476866,-1.782830799458262,False,False,1.360191467339427,1.9068278352097865
2021-02-14,1,2021-02-15,2.1715803015593385,2.144322943504539,2.2033265866982945,2.125538638140944,2.2077286000007237,2.181434,-0.009853698440661418,True,True,0.05900364319375573,0.08218996185977989
2021-02-14,7,2021-02-21,2.1396627932678594,2.058708856944184,2.8790220730757112,2.007308987724662,3.625068189402434,2.261512,-0.12184920673214084,True,True,0.8203132161315274,1.6177592016777718
2021-02-14,14,2021-02-28,2.345718305121879,2.1774992097820824,3.111391735421926,2.089061872197345,3.7297936376945837,2.520432,-0.17471369487812094,True,True,0.9338925256398434,1.6407317654972386
2021-02-14,30,2021-03-16,3.3648613324881884,2.515801241854906,4.2998867732581845,2.4291619498557666,5.52923235255927,3.941974,-0.5771126675118117,True,True,1.7840855314032784,3.1000704027035035
2021-02-14,90,2021-05-15,6.368481450763962,4.648046581546844,8.548774920964352,3.979830066566964,9.155782550595061,7.89058,-1.5220985492360377,True,True,3.9007283394175074,5.175952484028097
2021-03-16,1,2021-03-17,3.97865296073587,3.9555798527498807,4.015432354806855,3.9408818812075106,4.067700154993117,3.955125,0.023527960735870046,False,True,0.05985250205697401,0.12681827378560673
2021-03-16,7,2021-03-23,4.127117031996149,4.040669334583197,5.053152823447087,4.023670525188361,5.148658227686491,4.056564,0.07055303199614915,True,True,1.0124834888638903,1.1249877024981298
2021-03-16,14,2021-03-30,4.47235928141991,4.308836345311314,5.446601387441466,4.263179576793127,6.272687121089716,4.132214,0.3401452814199093,False,False,1.1377650421301517,2.0095075442965893
2021-03-16,30,2021-04-15,6.520493273712631,5.618651792280104,7.595522333759306,5.51801257581976,8.35328733174962,6.476866,0.04362727371263109,True,True,1.9768705414792027,2.83527475592986
2021-03-16,90,2021-06-14,8.464627299952905,6.534905150757543,11.346750993946436,5.69756378086389,13.132860235994166,7.577991,0.8866362999529054,True,True,4.811845843188894,7.435296455130276
2021-04-15,1,2021-04-16,6.52656780688253,6.492882644522554,6.565248394622877,6.4903057278743095,7.739528672638282,6.533527,-0.006959193117470619,True,True,0.07236575010032276,1.2492229447639724
2021-04-15,7,2021-04-22,6.581842887629039,6.4842055778895915,7.820149554673895,6.4214483617607145,7.9209269670261255,6.784744,-0.2029011123709612,True,True,1.3359439767843035,1.499478605265411
2021-04-15,14,2021-04-29,6.668857261482039,6.493997652638137,7.973310494605109,6.458757742827079,9.218774205137603,6.907341,-0.238483738517961,True,True,1.4793128419669728,2.7600164623105234
2021-04-15,30,2021-05-15,7.690883108096566,6.403725045634782,9.172060524184573,6.251948686252333,10.388019102673134,7.89058,-0.1996968919034341,True,True,2.7683354785497913,4.136070416420801
2021-04-15,90,2021-07-14,8.16961405521683,5.666569711907194,11.243225109917253,5.316614819089916,13.226621303929925,7.216354,0.9532600552168295,True,True,5.576655398010059,7.910006484840008
2021-05-15,1,2021-05-16,7.908849777247792,7.872950784050478,7.948029971537227,7.817358059282784,8.756037072618291,7.888948,0.019901777247792296,True,True,0.07507918748674847,0.9386790133355074
2021-05-15,7,2021-05-22,7.966257168685573,7.842636242592286,8.847129466357075,7.772847845920905,8.916693566661413,7.745537,0.2207201686855731,False,False,1.0044932237647881,1.143845720740508
2021-05-15,14,2021-05-29,8.125557450513973,7.889979892105372,9.025549402664058,7.831907114036452,9.859427414626694,7.764112,0.3614454505139735,False,False,1.1355695105586863,2.0275203005902425
2021-05-15,30,2021-06-14,8.110218500232323,7.187455235980753,9.280444791260287,7.0294395699326735,9.99631209583394,7.577991,0.5322275002323229,True,True,2.0929895552795337,2.966872525901266
2021-05-15,90,2021-08-13,9.554879904631205,7.787251236755539,11.703036569280274,7.283577936742252,13.357608793084314,7.466275,2.0886049046312047,False,True,3.9157853325247345,6.074030856342062
2021-06-14,1,2021-06-15,7.5477970980215074,7.5210078011654184,7.571168251496945,7.515319317855489,7.597544004772033,7.525863,0.021934098021507253,True,True,0.05016045033152672,0.08222468691654328
2021-06-14,7,2021-06-21,7.5404279269057515,7.464608825865391,8.361352310547774,7.413336389853292,9.185138978485687,7.461271,0.07915692690575149,False,True,0.896743484682383,1.7718025886323954
2021-06-14,14,2021-06-28,7.6205052104121815,7.471941897890984,8.515208774333072,7.425585277064875,9.25871402275482,7.534025,0.08648021041218179,True,True,1.0432668764420878,1.8331287456899448
2021-06-14,30,2021-07-14,7.38877599259961,6.5103726744176535,8.426121534182977,6.422787867299775,9.827420692107879,7.216354,0.17242199259961044,True,True,1.9157488597653236,3.404632824808104
2021-06-14,90,2021-09-12,8.830004242265703,7.110591907996523,11.17017262888694,6.357349018438041,11.8872250817464,7.95297,0.8770342422657036,True,True,4.059580720890417,5.52987606330836
2021-07-14,1,2021-07-15,7.199395954741103,7.180785722743474,7.257503216641556,7.086090286935851,7.269729509583686,7.160588,0.03880795474110332,False,True,0.07671749389808191,0.1836392226478356
2021-07-14,7,2021-07-21,7.224709103282476,7.093242110664435,7.802752236145002,6.985249464000679,8.320287445836666,7.154203,0.07050610328247586,True,True,0.7095101254805671,1.3350379818359865
2021-07-14,14,2021-07-28,7.298307902625598,7.06598165955272,7.935586348351346,6.945221773919009,8.416341553794567,7.193624,0.1046839026255979,True,True,0.869604688798626,1.4711197798755578
2021-07-14,30,2021-08-13,7.490378980899656,6.81707566249556,8.332879890930634,6.611369931653196,9.11260025813396,7.466275,0.02410398089965593,True,True,1.5158042284350746,2.501230326480763
2021-07-14,90,2021-10-12,9.146574586416119,8.002448545839009,10.636432628408366,7.301864211417451,11.263420069155236,9.182645,-0.0360704135838823,True,True,2.6339840825693575,3.9615558577377854
2021-08-13,1,2021-08-14,7.471426470318699,7.451058977766032,7.497935276993506,7.416808715751156,7.9692697032090924,7.50005,-0.028623529681301108,False,True,0.04687629922747405,0.5524609874579367
2021-08-13,7,2021-08-20,7.485147839538886,7.398651008958198,7.985516298517868,7.355633445270457,8.441634904469048,7.269692,0.21545583953888592,False,False,0.58686528955967,1.0860014591985907
2021-08-13,14,2021-08-27,7.445100177601061,7.314223138417922,7.991122551324646,7.273512293914795,8.482416970068021,7.250839,0.19426117760106099,False,False,0.6768994129067245,1.2089046761532263
2021-08-13,30,2021-09-12,8.137235700736634,7.620916652279433,9.049806617046197,7.506159773818283,9.664868763032258,7.95297,0.18426570073663395,True,True,1.428889964766764,2.1587089892139755
2021-08-13,90,2021-11-11,9.920083238560075,8.816600742651422,11.040863090436059,8.400249959827146,11.757569527140069,10.04407,-0.12398676143992482,True,True,2.224262347784636,3.3573195673129224
2021-09-12,1,2021-09-13,7.951156705474467,7.91794554197159,7.991113850779781,7.8919614113825824,8.554651988783409,7.945307,0.005849705474467726,True,True,0.07316830880819136,0.6626905774008263
2021-09-12,7,2021-09-19,7.894456729326201,7.795912949163706,8.521339850831533,7.748189872375164,9.1084742516986,7.971363,-0.07690627067379907,True,True,0.7254269016678263,1.3602843793234367
2021-09-12,14,2021-09-26,7.938868878692047,7.762101731373792,8.734662574014436,7.715164883177732,9.224648145713077,8.058,-0.11913112130795245,True,True,0.972560842640644,1.509483262535345
2021-09-12,30,2021-10-12,8.481439069893034,7.841232132622725,9.302765341669856,7.7182318991919665,10.031903566601143,9.182645,-0.7012059301069673,True,True,1.461533209047131,2.313671667409176
2021-09-12,90,2021-12-11,9.661389389743544,8.348964621727719,11.021388745272104,7.862526984790194,12.352061391527585,10.539795,-0.8784056102564559,True,True,2.672424123544385,4.48953440673739
2021-10-12,1,2021-10-13,9.186556525082622,9.168904527558329,9.206406356174545,9.161940376316002,9.983564063982586,9.16186,0.024696525082621434,False,False,0.037501828616216315,0.8216236876665839
2021-10-12,7,2021-10-19,9.266734273917443,9.19531716728229,10.100878755571264,9.165020470092578,10.911596599019175,9.275179,-0.008444726082556642,True,True,0.9055615882889736,1.7465761289265966
2021-10-12,14,2021-10-26,9.323517923350575,9.22744552735958,10.215959669946857,9.194867705963158,10.997703907486514,9.314878,0.008639923350575174,True,True,0.9885141425872774,1.8028362015233554
2021-10-12,30,2021-11-11,10.480899656174302,9.667284029090382,11.440038496680202,9.573445151841366,12.378924937687254,10.04407,0.4368296561743019,True,True,1.7727544675898201,2.805479785845888
2021-10-12,90,2022-01-10,12.011149000865206,10.291894284482023,13.905025601455847,9.541221554136676,15.607075598096797,10.710165,1.3009840008652063,True,True,3.613131316973824,6.065854043960121
2021-11-11,1,2021-11-12,10.053375179171637,10.033032918376623,10.081341025755707,10.022046857339905,10.10066672461921,10.079982,-0.026606820828362743,True,True,0.048308107379083864,0.07861986727930415
2021-11-11,7,2021-11-18,10.031544312081891,9.96690558318024,10.39374699749316,9.938313862312034,10.458799289162696,10.06206,-0.030515687918109435,True,True,0.42684141431291955,0.5204854268506622
2021-11-11,14,2021-11-25,10.151492134817603,10.010272318593316,10.5342606318861,9.967019808776948,10.826877344006872,10.066812,0.08468013481760295,True,True,0.5239883132927847,0.8598575352299243
2021-11-11,30,2021-12-11,10.636949037036187,10.229619515094095,11.176518193604394,10.157627710565194,11.504903137570674,10.539795,0.09715403703618719,True,True,0.9468986785102995,1.3472754270054796
2021-11-11,90,2022-02-09,10.270931938898848,9.521094221358029,11.203873123194198,9.271706327172943,11.8482643838405,10.941505,-0.6705730611011518,True,True,1.6827789018361692,2.5765580566675563
2021-12-11,1,2021-12-12,10.538192822033347,10.491102246411613,10.575681845353495,10.433086962661458,10.73452988912258,10.535166,0.003026822033346477,True,True,0.0845795989418825,0.3014429264611227
2021-12-11,7,2021-12-18,10.524406670260836,10.363667636182528,10.862787601600527,10.288535768826758,11.092670078267115,10.558261,-0.0338543297391638,True,True,0.4991199654179983,0.8041343094403572
2021-12-11,14,2021-12-25,10.528857218255176,10.272136185267867,11.012690916494153,10.147038929595752,11.292200050385127,10.706021,-0.17716378174482372,True,True,0.7405547312262861,1.1451611207893748
2021-12-11,30,2022-01-10,10.353615982782486,9.861704027049408,11.005036337901396,9.716140733364126,11.333940414291824,10.710165,-0.35654901721751386,True,True,1.1433323108519886,1.617799680927698
2021-12-11,90,2022-03-11,8.757478932340849,7.913355651736184,9.816909097317382,7.641160781883153,10.308484907890366,11.21336,-2.455881067659151,False,False,1.9035534455811973,2.6673241260072125
2022-01-10,1,2022-01-11,10.699519110055316,10.681128173384174,10.738400746546956,10.625740647163779,11.21980673524044,10.719043,-0.019523889944682793,True,True,0.057272573162782336,0.5940660880766604
2022-01-10,7,2022-01-17,10.69816730601751,10.580259321202279,11.196452758933948,10.534426893475857,11.374653460840495,10.703364,-0.005196693982490785,True,True,0.6161934377316687,0.8402265673646383
2022-01-10,14,2022-01-24,10.930840478352895,10.639677626074688,11.481363982303183,10.540447872014012,11.891472221331446,10.835228,0.09561247835289421,True,True,0.8416863562284949,1.3510243493174343
2022-01-10,30,2022-02-09,10.5228445986361,9.894945599538751,11.297682822059294,9.71665253920794,11.854650432541382,10.941505,-0.4186604013638995,True,True,1.4027372225205426,2.1379978933334414
2022-01-10,90,2022-04-10,9.130446513385776,8.092871394593681,10.51587586341512,7.758768876955521,11.152015107127381,10.865824,-1.7353774866142242,False,True,2.423004468821439,3.39324623017186
2022-02-09,1,2022-02-10,10.974412018581372,10.952227964854291,11.007497924765456,10.940354534325785,11.824009084243995,10.943879,0.030533018581371252,False,True,0.05526995991116479,0.8836545499182105
2022-02-09,7,2022-02-16,10.921439200864128,10.856786911807983,11.77594443149188,10.836665300416305,11.900527171793614,10.944717,-0.023277799135872357,True,True,0.9191575196838961,1.0638618713773091
2022-02-09,14,2022-02-23,10.84202812100831,10.731144358358701,11.706560958033382,10.692054377438021,12.517101010846142,10.895407,-0.05337887899169047,True,True,0.9754165996746806,1.825046633408121
2022-02-09,30,2022-03-11,10.619811859556041,9.756808344591317,11.670658161792977,9.694271341224384,12.531176878617034,11.21336,-0.5935481404439589,True,True,1.91384981720166,2.8369055373926493
2022-02-09,90,2022-05-10,10.100655392437954,8.482632376834879,12.14044536556824,7.668986112094739,13.65278895316643,10.780437,-0.6797816075620453,True,True,3.6578129887333617,5.983802841071691
2022-03-11,1,2022-03-12,11.23297625281115,11.194836844512862,11.338382771742534,11.121416621813013,11.430978544476012,11.226855,0.0061212528111500575,True,True,0.1435459272296722,0.30956192266299887
2022-03-11,7,2022-03-18,11.421934068555368,11.212135688566187,12.263760329998847,11.131377210906047,12.502968396499893,11.098797,0.3231370685553685,False,False,1.0516246414326602,1.3715911855938465
2022-03-11,14,2022-03-25,11.701688512332858,11.28288609189894,12.719834603554718,11.183960530650122,13.317442828339454,11.179854,0.5218345123328572,False,False,1.4369485116557783,2.1334822976893317
2022-03-11,30,2022-04-10,11.50041232157772,10.624261930576223,12.66938059100154,10.39784537568956,14.108171032111784,10.865824,0.6345883215777199,True,True,2.0451186604253166,3.7103256564222242
2022-03-11,90,2022-06-09,12.901183775415177,11.29392358056172,14.793937834818003,10.301447172013477,16.363530928774292,11.45792,1.4432637754151774,True,True,3.500014254256282,6.062083756760815
2022-04-10,1,2022-04-11,10.865929613236734,10.830873619969438,10.899623353516041,10.818003954452978,11.858330664588234,10.837155,0.02877461323673458,True,True,0.06874973354660341,1.0403267101352558
2022-04-10,7,2022-04-17,10.763159117725051,10.63620719776413,11.72455508938883,10.572685980709634,11.815340324126527,10.771564,-0.008404882274948733,True,True,1.0883478916247,1.242654343416893
2022-04-10,14,2022-04-24,10.654975799017718,10.449617948004336,11.708433113682805,10.384466386462496,12.60772882062545,10.650482,0.004493799017717848,True,True,1.2588151656784685,2.2232624341629545
2022-04-10,30,2022-05-10,10.342298978365104,9.2676845207477,11.714203160148346,9.199545014258375,12.666335243281027,10.780437,-0.4381380216348951,True,True,2.4465186394006455,3.466790229022653
2022-04-10,90,2022-07-09,11.015875250049467,9.06995014097461,13.656660190996464,8.498022681160805,15.164086544571036,11.110439,-0.09456374995053274,True,True,4.586710050021853,6.666063863410232
2022-05-10,1,2022-05-11,10.741880479032263,10.705587126614226,10.812019056653721,10.699545771483333,11.895595292517337,10.788973,-0.04709252096773753,True,True,0.10643193003949492,1.1960495210340039
2022-05-10,7,2022-05-17,10.89725301464123,10.78664201373099,12.026617674952123,10.7479525116016,12.144742315708148,11.082904,-0.18565098535876956,True,True,1.2399756612211323,1.3967898041065485
2022-05-10,14,2022-05-24,11.113301818490019,10.901938225403578,12.289434182323241,10.821124576842303,13.353039915480771,11.102802,0.010499818490018242,True,True,1.387495956919663,2.531915338638468
2022-05-10,30,2022-06-09,11.290762271790712,10.089478581987029,12.800711496171324,9.932751577458983,13.842070818264517,11.45792,-0.16715772820928798,True,True,2.7112329141842952,3.9093192408055337
2022-05-10,90,2022-08-08,13.115557346247932,10.773261552742191,15.743082796967604,9.703561534357155,17.926620556379543,9.932522,3.183035346247932,False,True,4.969821244225413,8.223059022022388
2022-06-09,1,2022-06-10,11.470500741943678,11.427780699511947,11.5414738733722,11.393710548299728,12.529832598343072,11.417911,0.05258974194367738,False,True,0.11369317386025202,1.136122050043344
2022-06-09,7,2022-06-16,11.736638070503624,11.587858574679847,12.810632760199349,11.53138905020956,13.031234906722002,11.486502,0.25013607050362374,False,False,1.2227741855195013,1.499845856512442
2022-06-09,14,2022-06-23,11.924462984082151,11.695579741785062,13.060473051888417,11.613614662713562,14.045388197936738,11.399411,0.5250519840821504,False,False,1.364893310103355,2.4317735352231757
2022-06-09,30,2022-07-09,12.486297664020086,11.388701545959586,13.928680504104511,11.222040939917157,14.882597317852689,11.110439,1.375858664020086,False,False,2.539978958144925,3.6605563779355315
2022-06-09,90,2022-09-07,14.384792065429519,12.297527604235125,17.28637382438305,11.174995053134564,19.076879147921503,9.410641,4.974151065429519,False,False,4.988846220147924,7.901884094786938
2022-07-09,1,2022-07-10,11.102481310573525,11.07433160557712,11.134909830018485,11.040907502672908,11.594157482541407,11.102388,9.33105735256845e-05,True,True,0.060578224441364625,0.5532499798684984
2022-07-09,7,2022-07-16,11.00404237815113,10.904547850716249,11.469018425422508,10.852016880364237,11.601193099407672,10.774271,0.22977137815112947,False,False,0.5644705747062595,0.7491762190434343
2022-07-09,14,2022-07-23,10.92537644370401,10.779531741523982,11.490797227445118,10.692679594796424,11.863042407336035,10.648082,0.2772944437040099,False,False,0.7112654859211354,1.1703628125396115
2022-07-09,30,2022-08-08,10.52816317306056,10.009685683526891,11.243322841852546,9.882598436918807,11.825035190797445,9.932522,0.5956411730605602,False,True,1.2336371583256547,1.9424367538786385
2022-07-09,90,2022-10-07,9.279183161555732,8.29277063396055,10.538443747114533,7.937834391247131,11.312410725991935,8.52057,0.7586131615557328,True,True,2.245673113153982,3.3745763347448037
2022-08-08,1,2022-08-09,9.90907737021639,9.868299739441357,9.950742784306161,9.828112501288068,9.95818389007034,9.944358,-0.035280629783608575,True,True,0.0824430448648048,0.1300713887822713
2022-08-08,7,2022-08-15,9.698584892188713,9.569271411028394,9.808522166306403,9.511350163003112,9.850058438518085,9.800772,-0.1021871078112877,True,True,0.2392507552780092,0.33870827551497307
2022-08-08,14,2022-08-22,9.791328329228035,9.624681384676595,9.954312864055893,9.499244438818469,10.001588830783085,9.883519,-0.09219067077196463,True,True,0.32963147937929804,0.5023443919646162
2022-08-08,30,2022-09-07,8.909050769592287,8.720251861609908,9.156207363635794,8.60270955827243,9.322504333062783,9.410641,-0.5015902304077127,False,False,0.4359555020258856,0.719794774790353
2022-08-08,90,2022-11-06,6.606723255195137,6.258860139429888,6.97554760925109,6.113039043956146,7.167130470237078,7.834453,-1.2277297448048632,False,False,0.7166874698212018,1.054091426280932
2022-09-07,1,2022-09-08,9.42878245508303,9.40406967751142,9.451989861890379,9.364830966485908,9.502288589099491,9.410761,0.01802145508302999,True,True,0.04792018437895962,0.1374576226135833
2022-09-07,7,2022-09-14,9.437292804862576,9.267682909990661,9.701888330235844,9.165440060943032,9.764358213664753,9.454956,-0.017663195137423315,True,True,0.43420542024518305,0.5989181527217209
2022-09-07,14,2022-09-21,9.429349924979803,9.206545158909796,9.73511986345935,9.082649805482115,9.957298336197711,9.182185,0.2471649249798027,False,True,0.5285747045495537,0.8746485307155965
2022-09-07,30,2022-10-07,8.469600367305688,8.110189596211193,8.94442046959139,7.927455063918557,9.326588028679598,8.52057,-0.05096963269431143,True,True,0.8342308733801982,1.3991329647610415
2022-09-07,90,2022-12-06,7.476668263887456,6.866374298347947,8.213541002281579,6.6398865300133325,8.782764373235661,6.740385,0.7362832638874561,False,True,1.347166703933632,2.1428778432223288
2022-10-07,1,2022-10-08,8.508719786359435,8.486096781007163,8.549031580135452,8.45229072569105,8.569569258550198,8.537492,-0.028772213640564814,True,True,0.06293479912828914,0.11727853285914769
2022-10-07,7,2022-10-14,8.530962245004785,8.297778237199285,8.717024040958758,8.18889467570577,8.774714015899537,8.495239,0.0357232450047853,True,True,0.4192458037594733,0.5858193401937672
2022-10-07,14,2022-10-21,8.495594210749186,8.174145163715833,8.725514032654944,7.9532722504512785,8.861824690275071,8.3739,0.12169421074918496,True,True,0.551368868939111,0.9085524398237927
2022-10-07,30,2022-11-06,8.16550141634737,7.705770199135465,8.55146755741656,7.383092158283542,8.788029969633378,7.834453,0.3310484163473699,True,True,0.8456973582810949,1.4049378113498356
2022-10-07,90,2023-01-05,7.034028527059459,6.179879310926846,7.563754523597934,5.829736033464996,8.064144534010195,6.201309,0.8327195270594592,True,True,1.3838752126710885,2.2344085005451992
2022-11-06,1,2022-11-07,7.826545437037083,7.8021346536224865,7.867842812564644,7.692150113884236,7.88874180478171,7.851713,-0.02516756296291689,True,True,0.06570815894215709,0.19659169089747408
2022-11-06,7,2022-11-13,7.666603566554056,7.522656292363084,7.7641267484506375,7.454309334653292,7.808973403638576,7.702747,-0.036143433445943174,True,True,0.24147045608755313,0.3546640689852838
2022-11-06,14,2022-11-20,7.633878396723674,7.453450013432389,7.776410290632608,7.3610859018381385,7.85036486570114,7.534054,0.09982439672367338,True,True,0.32296027720021936,0.4892789638630015
2022-11-06,30,2022-12-06,7.173400788063647,6.939161751225019,7.405192317539438,6.798960688064677,7.566507344880511,6.740385,0.4330157880636474,False,False,0.4660305663144184,0.767546656815834
2022-11-06,90,2023-02-04,5.0509510225169505,4.570119736300683,5.4296891398430756,4.464790420207804,5.660756085164201,5.790408,-0.7394569774830497,False,False,0.8595694035423929,1.1959656649563968
2022-12-06,1,2022-12-07,6.731184708252909,6.6813864294203285,6.749017109710449,6.557448567349828,6.782216566056737,6.734715,-0.0035302917470909634,True,True,0.06763068029012054,0.22476799870690822
2022-12-06,7,2022-12-13,6.611463984438888,6.446946596804892,6.760703359476376,6.3281927778130544,6.845927046806983,6.672133,-0.06066901556111137,True,True,0.3137567626714839,0.5177342689939284
2022-12-06,14,2022-12-20,6.443131575940592,6.178529322354851,6.691753154994453,6.0202660929014264,6.802474269592592,6.615301,-0.17216942405940738,True,True,0.5132238326396017,0.7822081766911655
2022-12-06,30,2023-01-05,5.34553971699729,4.967916168732669,5.6546976718309745,4.871845098990898,5.789775925908431,6.201309,-0.8557692830027106,False,False,0.6867815030983051,0.9179308269175337
2022-12-06,90,2023-03-06,1.7033878414371717,1.1600727787606013,2.2809971665804984,0.6874778803665005,2.6967922745170902,4.735089,-3.0317011585628286,False,False,1.1209243878198971,2.0093143941505898
2023-01-05,1,2023-01-06,6.2092059078113335,6.171690966678224,6.241777896699442,6.110407841442923,6.440454656087447,6.190275,0.018930907811333775,True,True,0.07008693002121813,0.33004681464452457
2023-01-05,7,2023-01-12,6.303558470195737,6.151664402336002,6.520028767958233,6.0933015530178345,6.675798636176264,6.10227,0.20128847019573737,False,True,0.36836436562223085,0.5824970831584295
2023-01-05,14,2023-01-19,6.286784241539934,6.037728028496173,6.691148501014366,5.943638598318257,6.82600400615606,6.044092,0.24269224153993374,True,True,0.6534204725181931,0.8823654078378027
2023-01-05,30,2023-02-04,5.506180920402615,5.116158814794919,6.019443016788842,4.992393478110959,6.338420177683179,5.790408,-0.28422707959738513,True,True,0.9032842019939231,1.3460266995722199
2023-01-05,90,2023-04-05,3.322736791388637,2.633175542770808,4.275964919952649,2.3586692186762757,4.703528359407604,3.781791,-0.4590542086113629,True,True,1.6427893771818414,2.344859140731328
2023-02-04,1,2023-02-05,5.780690480231607,5.758757786134336,5.814390094136699,5.648763002787747,6.286334348418441,5.769096,0.01159448023160703,True,True,0.05563230800236241,0.6375713456306942
2023-02-04,7,2023-02-11,5.716526519044082,5.587523989256562,6.228747116909068,5.519559361919512,6.282986026230679,5.751019,-0.03449248095591795,True,True,0.6412231276525056,0.7634266643111669
2023-02-04,14,2023-02-18,5.623772189686025,5.414187776992354,6.219542766682313,5.278498497335797,6.9253792738219255,5.753002,-0.1292298103139755,True,True,0.8053549896899588,1.6468807764861282
2023-02-04,30,2023-03-06,4.640233665774205,4.138828249125897,5.450677678079245,3.968485818380278,5.9578430166855565,4.735089,-0.0948553342257954,True,True,1.311849428953348,1.9893571983052785
2023-02-04,90,2023-05-05,3.198518491371447,2.176928631929853,4.558644967756249,1.6937977782236202,5.367773322167743,2.993604,0.20491449137144713,True,True,2.3817163358263955,3.6739755439441226
2023-03-06,1,2023-03-07,4.550997641674689,4.528549422380454,4.586595355293429,4.477322779812773,4.896026989409105,4.546517,0.004480641674689423,True,True,0.05804593291297522,0.41870420959633226
2023-03-06,7,2023-03-13,4.569947715143993,4.463784418227478,4.91909621912603,4.430440692960287,5.023750091527813,4.487745,0.08220271514399258,True,True,0.45531180089855194,0.5933093985675253
2023-03-06,14,2023-03-20,4.691656030847543,4.471633134567722,5.0964382444170155,4.399311203590886,5.34298088780741,4.404605,0.28705103084754313,False,True,0.6248051098492935,0.9436696842165233
2023-03-06,30,2023-04-05,4.112328375153615,3.6363095891654242,4.681966724351793,3.4977844076687816,4.9284573206301925,3.781791,0.3305373751536145,True,True,1.0456571351863686,1.4306729129614109
2023-03-06,90,2023-06-04,2.4454245481777295,1.643943754690408,3.464642400030299,1.1751733818702217,4.126316619396244,1.8753,0.5701245481777295,True,True,1.820698645339891,2.951143237526022
2023-04-05,1,2023-04-06,3.7915533627847156,3.764544050285078,3.8186664231911296,3.7589315378109727,3.9873934889039777,3.794683,-0.0031296372152844754,True,True,0.054122372906051375,0.22846195109300504
2023-04-05,7,2023-04-12,3.78799966907487,3.714301576978597,3.982440948882632,3.680503236265858,4.038378259702548,3.884586,-0.09658633092513025,True,True,0.2681393719040348,0.3578750234366903
2023-04-05,14,2023-04-19,3.7120040755948205,3.583320596442167,4.011313619230875,3.5350741106330132,4.117489413184415,3.986791,-0.2747869244051797,True,True,0.4279930227887081,0.5824153025514014
2023-04-05,30,2023-05-05,2.6858851167433686,2.4433241474378566,3.05646061899315,2.3573675692373013,3.268748022884748,2.993604,-0.3077188832566313,True,True,0.6131364715552934,0.9113804536474466
2023-04-05,90,2023-07-04,1.3773457929576285,0.8722117237521756,1.9751561305726564,0.648050242616949,2.498489618102071,1.764453,-0.38710720704237156,True,True,1.1029444068204808,1.850439375485122
2023-05-05,1,2023-05-06,3.0073674096360583,2.9814661128909683,3.0546509295131865,2.9787420031299363,3.2466038593787885,2.994736,0.012631409636058244,True,True,0.07318481662221821,0.26786185624885217
2023-05-05,7,2023-05-12,2.9116803420281614,2.843648120588126,3.159822179265254,2.802230555321961,3.2249283295402056,2.781669,0.13001134202816145,False,False,0.3161740586771278,0.4226977742182445
2023-05-05,14,2023-05-19,2.847094461707328,2.6883818891390168,3.1405804798559203,2.6323406925183126,3.2962494878643462,2.596998,0.250096461707328,False,False,0.4521985907169035,0.6639087953460336
2023-05-05,30,2023-06-04,2.0345647303051386,1.7617604197871253,2.48588625648431,1.6953504818415264,2.7084066825468223,1.8753,0.15926473030513866,True,True,0.7241258366971848,1.013056200705296
2023-05-05,90,2023-08-03,3.1392167937137563,2.5297875725217502,3.783234698066457,2.364703864386316,4.161288260740416,2.511507,0.6277097937137563,False,True,1.2534471255447066,1.7965843963541
2023-06-04,1,2023-06-05,1.8616956699898803,1.8289873801333936,1.8998837912213664,1.7987676035340108,2.205158086572732,1.849129,0.01256666998988032,True,True,0.07089641108797284,0.4063904830387213
2023-06-04,7,2023-06-11,1.7639300353438283,1.6857408930068842,2.0845089479345162,1.6361987277513093,2.129559792462852,1.782527,-0.018596964656171666,True,True,0.398768054927632,0.49336106471154295
2023-06-04,14,2023-06-18,1.7747926185962195,1.642520666386529,2.1580668581389233,1.5970857206865738,2.627397986147045,1.884824,-0.11003138140378055,True,True,0.5155461917523942,1.0303122654604713
2023-06-04,30,2023-07-04,1.775444745733166,1.412109955996952,2.2855852290815264,1.283760720062703,2.5444817214577573,1.764453,0.010991745733165859,True,True,0.8734752730845743,1.2607210013950543
2023-06-04,90,2023-09-02,2.78576031336961,1.9451404102566585,3.6363454649923903,1.701610206865766,4.2635485475877175,2.645216,0.14054431336961004,True,True,1.6912050547357318,2.5619383407219516
2023-07-04,1,2023-07-05,1.8306756495457441,1.7990179089924738,1.8666375732063876,1.797121520905873,2.040052776921598,1.846663,-0.01598735045425581,True,True,0.06761966421391374,0.24293125601572485
2023-07-04,7,2023-07-11,1.857111259282108,1.7557180844018014,2.0423125841948018,1.716309253916534,2.103205756107973,1.902128,-0.04501674071789208,True,True,0.28659449979300033,0.386896502191439
2023-07-04,14,2023-07-18,2.1234882283387,1.9786517108270094,2.4321056771345204,1.9077453267789322,2.6150051315014653,2.086925,0.03656322833870007,True,True,0.453453966307511,0.7072598047225331
2023-07-04,30,2023-08-03,2.4118226892025594,2.176298035756011,2.725252361283584,2.0764487307787847,2.883609704117687,2.511507,-0.09968431079744056,True,True,0.5489543255275731,0.8071609733389025
2023-07-04,90,2023-10-02,2.9524793001328384,2.495040303217367,3.539244247608565,2.245104648590609,3.951392412186891,2.549875,0.4026043001328383,True,True,1.0442039443911977,1.7062877635962819
2023-08-03,1,2023-08-04,2.478577838716765,2.4497827391190645,2.545005712631763,2.4418682160510334,2.7195578982147177,2.482924,-0.004346161283235173,True,True,0.0952229735126986,0.2776896821636843
2023-08-03,7,2023-08-10,2.565825807341369,2.427423546247756,2.8070658960177113,2.378524178902017,2.9320364630425715,2.568197,-0.0023711926586309495,True,True,0.37964234976995526,0.5535122841405546
2023-08-03,14,2023-08-17,2.7645050511241314,2.527340600529269,3.1093155873137572,2.4468203743369217,3.2380454827627463,2.65413,0.11037505112413148,True,True,0.5819749867844881,0.7912251084258246
2023-08-03,30,2023-09-02,2.733577507431893,2.3449462813816595,3.117980966220331,2.229554571646033,3.324998191141153,2.645216,0.08836150743189286,True,True,0.7730346848386715,1.09544361949512
2023-08-03,90,2023-11-01,3.551536043715851,2.9402893323875317,4.2901620017745,2.7303827679100663,4.640743229280762,2.258525,1.2930110437158508,False,False,1.3498726693869685,1.9103604613706957
2023-09-02,1,2023-09-03,2.6618120916320263,2.6157129106369523,2.7012291728767566,2.5581901914516867,3.0075180014772216,2.65577,0.006042091632026292,True,True,0.08551626223980424,0.4493278100255349
2023-09-02,7,2023-09-09,2.701646360499038,2.5764017724647434,3.0381850898617944,2.518729628463133,3.132547769515764,2.743466,-0.041819639500962236,True,True,0.4617833173970509,0.6138181410526311
2023-09-02,14,2023-09-16,2.767070602586269,2.554452030420161,3.23880093181787,2.467273899386224,3.5724659820939277,2.860977,-0.0939063974137313,True,True,0.6843489013977089,1.1051920827077035
2023-09-02,30,2023-10-02,2.9153677776050877,2.504661312711781,3.4884438430237927,2.3983387141669734,3.8587552001117733,2.549875,0.3654927776050876,True,True,0.9837825303120118,1.4604164859448
2023-09-02,90,2023-12-01,3.755000006936676,2.9623163723710952,4.625593688071165,2.5673348602522443,4.959806821514544,2.346323,1.408677006936676,False,False,1.6632773157000695,2.3924719612622996
2023-10-02,1,2023-10-03,2.538757476453145,2.5067663692366224,2.5751021531280935,2.2920812526536425,2.6474611369308496,2.521462,0.017295476453144776,True,True,0.0683357838914711,0.3553798842772071
2023-10-02,7,2023-10-09,2.3868498247439627,2.1527013569299767,2.51546422306507,2.0345045907551906,2.572813489959546,2.273228,0.11362182474396265,True,True,0.36276286613509345,0.5383088992043552
2023-10-02,14,2023-10-16,2.316753591914332,2.0314867291174763,2.5397525615135406,1.7602664638787806,2.635764107615887,2.263691,0.053062591914331936,True,True,0.5082658323960643,0.8754976437371063
2023-10-02,30,2023-11-01,2.463933581295706,2.0531625986564337,2.8209270932482275,1.7483175902251373,2.991159403713742,2.258525,0.20540858129570605,True,True,0.7677644945917939,1.2428418134886048
2023-10-02,90,2023-12-31,2.5797365057143016,1.9365783198057072,3.1301849768294074,1.6102531524394301,3.3711147430785116,2.132149,0.4475875057143015,True,True,1.1936066570237003,1.7608615906390814
2023-11-01,1,2023-11-02,2.254898796632243,2.2215314676626297,2.2733671299384683,2.155560124458533,2.281193062670796,2.288325,-0.03342620336775681,False,False,0.05183566227583869,0.12563293821226296
2023-11-01,7,2023-11-08,2.1374771137549597,2.0186504275865502,2.219647815933312,1.974210414691926,2.2484377474302453,2.169462,-0.031984886245040034,True,True,0.20099738834676195,0.27422733273831934
2023-11-01,14,2023-11-15,2.0728394169785336,1.9284672266131087,2.186741082466721,1.8553314131373684,2.254469118250264,2.125357,-0.052517583021466585,True,True,0.2582738558536124,0.3991377051128957
2023-11-01,30,2023-12-01,2.2165158333702584,1.9992466445768886,2.396420621635691,1.8536935964138501,2.4588342795947407,2.346323,-0.12980716662974157,True,True,0.3971739770588023,0.6051406831808905
2023-11-01,90,2024-01-30,1.4267318763493075,1.0758276704181746,1.6938072620425326,0.9230835407153903,1.9087679773082813,2.118051,-0.6913191236506924,False,False,0.617979591624358,0.985684436592891
2023-12-01,1,2023-12-02,2.3714675176812747,2.336128270100467,2.393965744496046,2.250415092704144,2.402698286204794,2.273366,0.09810151768127451,False,True,0.05783747439557896,0.1522831935006499
2023-12-01,7,2023-12-08,2.543752939121385,2.3818564897671743,2.6904012904889116,2.316617346461292,2.7495485288051325,2.374694,0.16905893912138525,False,True,0.3085448007217373,0.4329311823438404
2023-12-01,14,2023-12-15,2.5605262407217775,2.339020505098187,2.749042252891337,2.2375585937809284,2.8780037636215017,2.331471,0.2290552407217774,False,True,0.41002174779315004,0.6404451698405733
2023-12-01,30,2023-12-31,2.324432420515393,1.9693660265334998,2.647184759845561,1.8310297498166455,2.8311045855880113,2.132149,0.19228342051539293,True,True,0.6778187333120611,1.0000748357713658
2023-12-01,90,2024-02-29,0.7032454185385948,0.19628341375834116,1.118603652568276,-0.022976563208545388,1.3385271662715283,2.298157,-1.594911581461405,False,False,0.922320238809935,1.3615037294800738
2023-12-31,1,2024-01-01,1.9112863830513085,1.8363610232456864,1.937958870455109,1.8170200778786452,2.0233498705165944,2.087925,-0.17663861694869132,False,False,0.10159784720942255,0.20632979263794926
2023-12-31,7,2024-01-07,1.9963494847954735,1.8728112817787381,2.1188955882547935,1.8185125657615018,2.2119597094403654,2.077588,-0.08123851520452652,True,True,0.2460843064760554,0.3934471436788636
2023-12-31,14,2024-01-14,1.868611628641176,1.6444545396062251,2.0757082739002577,1.5714208429603274,2.1379656546857215,2.024035,-0.155423371358824,True,True,0.4312537342940326,0.5665448117253942
2023-12-31,30,2024-01-30,1.5157364386701069,1.2483933184961185,1.7796834351085713,1.0697120677802365,1.9175108863402903,2.118051,-0.602314561329893,False,False,0.5312901166124528,0.8477988185600538
2023-12-31,90,2024-03-30,-0.20279991363484884,-0.6872610045160186,0.2434229132792245,-0.9181696482247392,0.45549931690313045,2.839138,-3.041937913634849,False,False,0.9306839177952431,1.3736689651278697
2024-01-30,1,2024-01-31,2.1132628202390937,2.0778119427617328,2.169459152772714,1.9820694870116742,2.277881171914055,2.103293,0.009969820239093874,True,True,0.09164721001098108,0.29581168490238063
2024-01-30,7,2024-02-06,1.681847965228024,1.5169163592125403,1.846234068839915,1.418809092791459,1.9583568955202348,2.111957,-0.4301090347719758,False,False,0.3293177096273747,0.5395478027287759
2024-01-30,14,2024-02-13,1.661716056331887,1.3867230878347705,1.9118493028041863,1.2815994728553002,2.0195501131430698,2.192114,-0.5303979436681132,False,False,0.5251262149694158,0.7379506402877696
2024-01-30,30,2024-02-29,1.353959953233498,1.048295517610557,1.71731605445144,0.8605424497135857,1.9547675761988699,2.298157,-0.9441970467665017,False,False,0.669020536840883,1.0942251264852842
2024-01-30,90,2024-04-29,1.3309541927290405,0.7530734106453212,1.9459026605379095,0.31478742022662626,2.24115451250211,3.124198,-1.7932438072709593,False,False,1.1928292498925883,1.9263670922754836
2024-02-29,1,2024-03-01,2.249477676470634,2.220477458490077,2.310332133192582,2.2115131396200685,2.7456750962163925,2.651917,-0.4024393235293662,False,True,0.0898546747025053,0.534161956596324
2024-02-29,7,2024-03-07,2.3210931775485935,2.215499117797434,2.7916451044378556,2.184758136309469,2.886542446174805,2.582374,-0.2612808224514067,True,True,0.5761459866404217,0.701784309865336
2024-02-29,14,2024-03-14,2.484787008849686,2.2977966468229862,3.0783070635571588,2.234751236449331,3.4796887417601154,2.640988,-0.15620099115031394,True,True,0.7805104167341725,1.2449375053107845
2024-02-29,30,2024-03-30,3.040891489008856,2.520404421586139,3.714574283164979,2.335837383550786,4.226066640806747,2.839138,0.2017534890088557,True,True,1.1941698615788399,1.8902292572559607
2024-02-29,90,2024-05-29,3.968726269649946,3.148865779360365,5.328828630184719,2.736089816493262,6.0916944579201715,2.96499,1.0037362696499463,False,True,2.1799628508243543,3.3556046414269094
2024-03-30,1,2024-03-31,2.649259738224389,2.6086147191549705,2.687502369565901,2.5795847132785745,3.3454177835274415,2.814718,-0.16545826177561107,False,True,0.07888765041093038,0.7658330702488669
2024-03-30,7,2024-04-06,2.647096606218872,2.5478883246132757,3.3171453973882805,2.4812232959185136,3.424354978771728,3.026617,-0.379520393781128,True,True,0.7692570727750048,0.9431316828532141
2024-03-30,14,2024-04-13,2.634619881161119,2.3834799790580887,3.9015294928850577,2.3248299634558776,4.058271995387015,2.966282,-0.3316621188388811,True,True,1.518049513826969,1.7334420319311374
2024-03-30,30,2024-04-29,3.2289793427461224,2.4830884679936807,4.169329629624628,2.303080760738759,5.303188294813741,3.124198,0.10478134274612261,True,True,1.6862411616309476,3.000107534074982
2024-03-30,90,2024-06-28,4.552846635251732,3.1280396881034203,6.3344344888641855,2.258562795285567,7.219132657553762,2.488802,2.0640446352517317,False,True,3.206394800760765,4.960569862268194
2024-04-29,1,2024-04-30,2.8868072918816763,2.8715616538278583,2.9709339704723554,2.866949929851958,3.2762683532490673,3.095306,-0.2084987081183236,False,True,0.09937231664449708,0.4093184233971092
2024-04-29,7,2024-05-06,3.0567141963800277,2.921585213628532,3.4168480765766613,2.891376310115447,3.7452145894803714,2.938889,0.11782519638002764,True,True,0.49526286294812927,0.8538382793649246
2024-04-29,14,2024-05-13,3.4718433831817825,3.056692406734351,3.8840941936314772,2.9969826415119134,4.333971306323907,2.895228,0.5766153831817826,False,False,0.8274017868971262,1.3369886648119933
2024-04-29,30,2024-05-29,4.073185657187217,3.4793362628104902,4.902125907959085,3.2651680185041005,5.202638282148089,2.96499,1.1081956571872174,False,False,1.4227896451485944,1.9374702636439887
2024-04-29,90,2024-07-28,5.679100520985447,4.780193166517548,7.123779347745373,4.145140901423833,7.590721106240094,2.100211,3.578889520985447,False,False,2.343586181227825,3.4455802048162614
2024-05-29,1,2024-05-30,2.96059236868783,2.934077001917889,2.9987407369547294,2.907413892431087,3.126872646374156,2.969607,-0.00901463131216973,True,True,0.06466373503684064,0.21945875394306924
2024-05-29,7,2024-06-05,2.586417971199061,2.476640892491503,2.7309057832076125,2.3900602454989697,2.8216182254842357,2.662684,-0.07626602880093891,True,True,0.25426489071610936,0.431557979985266
2024-05-29,14,2024-06-12,2.5757855093305517,2.3625913739188245,2.784409538200644,2.257707917038433,2.9005569936069926,2.555165,0.020620509330551595,True,True,0.42181816428181973,0.6428490765685595
2024-05-29,30,2024-06-28,2.6468229865083117,2.38899246357997,2.9573179889604764,2.2755768210406515,3.0872636782813925,2.488802,0.15802098650831153,True,True,0.5683255253805064,0.811686857240741
2024-05-29,90,2024-08-27,2.298388869895184,1.820809397832274,2.7784435693972434,1.5756339122227816,2.9882620571319296,2.012697,0.2856918698951838,True,True,0.9576341715649694,1.412628144909148
2024-06-28,1,2024-06-29,2.4477374188485936,2.4209108810137816,2.4819209584782445,2.400192820346835,2.673698018728975,2.456578,-0.00884058115140629,True,True,0.06101007746446285,0.27350519838214016
2024-06-28,7,2024-07-05,2.1806703233842253,2.104555289261744,2.407500391763228,2.049711742283,2.5258369398976557,2.399929,-0.21925867661577492,True,True,0.302945102501484,0.4761251976146559
2024-06-28,14,2024-07-12,2.049911533792214,1.8881065429724888,2.3262320931728233,1.8176171067332367,2.5410435758864978,2.395098,-0.34518646620778615,False,True,0.4381255502003345,0.723426469153261
2024-06-28,30,2024-07-28,2.0736568004362623,1.7514234976805123,2.456789800409759,1.6312207527437481,2.7446211014180744,2.100211,-0.0265541995637375,True,True,0.7053663027292467,1.1134003486743262
2024-06-28,90,2024-09-26,1.4749800770145085,0.8928897528836623,2.207124960481323,0.7216963596985451,2.569914176072125,1.914019,-0.4390389229854914,True,True,1.3142352075976604,1.84821781637358
2024-07-28,1,2024-07-29,2.131544830370328,2.0905816732524043,2.1680090853555303,2.0809594214860985,2.2755079594318808,2.091556,0.039988830370327744,True,True,0.07742741210312598,0.1945485379457823
2024-07-28,7,2024-08-04,1.8683636848844145,1.743698056815587,2.008169720576857,1.6892976181037191,2.135029179793129,2.13398,-0.2656163151155857,False,True,0.26447166376126985,0.44573156168940997
2024-07-28,14,2024-08-11,1.8018383887436076,1.6233754763192545,1.994860290376156,1.5071165762103458,2.0687060232805425,2.019905,-0.21806661125639248,False,True,0.3714848140569016,0.5615894470701968
2024-07-28,30,2024-08-27,1.8668982048857066,1.5971195237096083,2.161005492724687,1.4473066055168102,2.31940512534908,2.012697,-0.1457987951142936,True,True,0.5638859690150788,0.8720985198322699
2024-07-28,90,2024-10-26,1.9374236271585557,1.3962016311386307,2.314116270421095,1.2759058767692435,2.6329260996795676,2.080641,-0.1432173728414443,True,True,0.9179146392824644,1.357020222910324
2024-08-27,1,2024-08-28,2.02436401880857,1.984990481864605,2.0543840293278306,1.949790406488642,2.064032170906669,1.958793,0.06557101880857008,False,True,0.06939354746322568,0.11424176441802691
2024-08-27,7,2024-09-03,1.7765850814362474,1.650738376835942,2.1009195173506114,1.5845952075192173,2.3384458782670916,1.954163,-0.1775779185637527,True,True,0.4501811405146694,0.7538506707478743
2024-08-27,14,2024-09-10,1.7030204625652114,1.519924785776158,2.0647777826866744,1.3869388137144987,2.3589515139797856,1.80556,-0.10253953743478861,True,True,0.5448529969105165,0.972012700265287
2024-08-27,30,2024-09-26,1.783214567009809,1.4637343690487894,2.3341282580392333,1.3775574866938447,2.5304988645533975,1.914019,-0.13080443299019096,True,True,0.8703938889904439,1.1529413778595528
2024-08-27,90,2024-11-25,2.7428625004414378,1.9906186071690959,3.5888558515112714,1.570505547009179,4.090160323722857,2.574189,0.1686735004414377,True,True,1.5982372443421755,2.5196547767136783
2024-09-26,1,2024-09-27,1.806403970871606,1.7720168688314495,1.8412538930591247,1.7599436759086493,1.863304770285301,1.929336,-0.12293202912839396,False,False,0.06923702422767519,0.10336109437665164
2024-09-26,7,2024-10-03,2.215605605978243,2.10596838812026,2.5165621049747173,2.0656333444902963,2.5931930614491985,2.015097,0.20050860597824327,False,False,0.4105937168544571,0.5275597169589021
2024-09-26,14,2024-10-10,2.347153383966127,2.1830248287250016,2.725121735445328,2.1023322450271604,2.9354586045205866,2.213318,0.13383538396612682,True,True,0.5420969067203263,0.8331263594934262
2024-09-26,30,2024-10-26,2.5794430367272354,2.214470623483606,3.0505843001281603,2.061748338747156,3.399439301462445,2.080641,0.49880203672723544,False,True,0.8361136766445543,1.337690962715289
2024-09-26,90,2024-12-25,3.8643298067667082,3.15320463775341,4.687926505784132,2.8743330574273647,5.103259279807823,2.897718,0.9666118067667084,False,True,1.5347218680307217,2.228926222380458
2024-10-26,1,2024-10-27,2.096026616536867,2.0669363953176703,2.112236577673915,2.050534802697518,2.1176539796607283,2.060013,0.036013616536866966,False,True,0.04530018235624489,0.06711917696321024
2024-10-26,7,2024-11-02,2.194038937027715,2.1094429754885216,2.2675483498940077,2.0741787586962372,2.297404822429062,2.443767,-0.2497280629722849,False,False,0.1581053744054861,0.22322606373282472
2024-10-26,14,2024-11-09,2.286347059635269,2.1783862548507518,2.3711092012105275,2.095498312390428,2.401250865474587,2.553327,-0.26697994036473105,False,False,0.19272294635977572,0.3057525530841594
2024-10-26,30,2024-11-25,2.1775292666277593,2.012558762769522,2.3149227105204853,1.8964714441530692,2.377480331777167,2.574189,-0.3966597333722408,False,False,0.3023639477509632,0.48100888762409766
2024-10-26,90,2025-01-24,2.0339809518576337,1.7449918264446986,2.28867389221317,1.6006482427120685,2.3879579880131367,2.64498,-0.6109990481423662,False,False,0.5436820657684716,0.7873097453010682
2024-11-25,1,2024-11-26,2.610115776041473,2.5919432786151897,2.630975358452199,2.51256851053941,2.6463424467683194,2.598721,0.011394776041472987,True,True,0.03903207983700918,0.1337739362289092
2024-11-25,7,2024-12-02,2.762362788215895,2.6599700444061924,2.81954080966458,2.5987270903809763,2.8394756147363682,2.762419,-5.6211784104753804e-05,True,True,0.15957076525838776,0.24074852435539196
2024-11-25,14,2024-12-09,2.9231577054906266,2.8126521253888637,3.0182377623186096,2.765053555708283,3.0503818889662897,2.966834,-0.04367629450937338,True,True,0.20558563692974596,0.28532833325800677
2024-11-25,30,2024-12-25,2.9694355181626286,2.807496109488139,3.113390280936341,2.7349709266261035,3.1608462072374346,2.897718,0.07171751816262883,True,True,0.3058941714482022,0.42587528061133106
2024-11-25,90,2025-02-23,1.8886403719182,1.6631612740652058,2.156463981739174,1.4942735746401026,2.3087286306009087,2.319101,-0.43046062808179997,False,False,0.4933027076739682,0.8144550559608061
2024-12-25,1,2024-12-26,2.8965057502868548,2.8792631697854794,2.917968895312421,2.8369825560443602,2.9307358058752793,2.892753,0.0037527502868548446,True,True,0.03870572552694185,0.09375324983091904
2024-12-25,7,2025-01-01,2.7759222275960678,2.712127146920888,2.888884880643609,2.6681064949811564,2.935298902075267,2.7658,0.010122227596067734,True,True,0.17675773372272108,0.2671924070941105
2024-12-25,14,2025-01-08,2.866090514428527,2.7426221039238947,2.9999529841201418,2.6892209028666167,3.1404626656605914,2.853637,0.012453514428527157,True,True,0.25733088019624706,0.45124176279397465
2024-12-25,30,2025-01-24,2.736218544117392,2.5587205699417654,2.9291021823353542,2.4437349736471323,3.0629934065174864,2.64498,0.09123854411739218,True,True,0.3703816123935888,0.6192584328703541
2024-12-25,90,2025-03-25,0.9478473031681762,0.6060030608305862,1.3158645766543393,0.4505899566358702,1.5274793334434762,1.776038,-0.8281906968318238,False,False,0.7098615158237531,1.076889376807606
2025-01-24,1,2025-01-25,2.651702481632937,2.6169160216641427,2.690108511351411,2.522666108779251,2.7217926205696807,2.666532,-0.014829518367063255,True,True,0.07319248968726821,0.19912651179042973
2025-01-24,7,2025-01-31,2.1329597115423846,1.9737168292264582,2.2464334953300966,1.9102884555854946,2.3109232644738285,2.700759,-0.5677992884576155,False,False,0.2727166661036384,0.4006348088883338
2025-01-24,14,2025-02-07,2.083078400365904,1.8828847208177355,2.2794983740210815,1.7769898699648017,2.3809833220143473,2.187965,-0.10488659963409619,True,True,0.39661365320334596,0.6039934520495456
2025-01-24,30,2025-02-23,1.8324061383677401,1.5513891140489298,2.0918930354387664,1.4195197186887403,2.2172062785270743,2.319101,-0.4866948616322597,False,False,0.5405039213898366,0.797686559838334
2025-01-24,90,2025-04-24,0.1294126961851636,-0.35937864071497033,0.5977650666520793,-0.6177547542173009,0.8522364173964363,1.402742,-1.2733293038148363,False,False,0.9571437073670497,1.4699911716137373
2025-02-23,1,2025-02-24,2.322802462331773,2.286802719475066,2.3920190045265564,2.2763415958606186,2.665512672233593,2.326789,-0.003986537668227097,True,True,0.10521628505149039,0.3891710763729743
2025-02-23,7,2025-03-02,1.685962115706828,1.5209462135873872,2.023097047247969,1.45606398584725,2.1509874453173494,1.458234,0.22772811570682805,False,True,0.5021508336605818,0.6949234594700995
2025-02-23,14,2025-03-09,1.696535538090148,1.4538112007354207,2.081559741400519,1.4012623094481473,2.3623811625478237,1.400518,0.29601753809014797,False,False,0.6277485406650984,0.9611188530996764
2025-02-23,30,2025-03-25,1.7685051118540227,1.3381404192481114,2.328607492923479,1.1676195241215452,2.576695090589879,1.776038,-0.007532888145977301,True,True,0.9904670736753673,1.4090755664683339
2025-02-23,90,2025-05-24,1.4717306895407054,0.6884664946020234,2.5065488346901974,0.41184921149559994,3.0850673431838382,2.036363,-0.5646323104592947,True,True,1.818082340088174,2.6732181316882384
2025-03-25,1,2025-03-26,1.7736827596282458,1.7342848247808809,1.8263697623123278,1.6512332508094343,1.8801918677407898,1.777511,-0.0038282403717542213,True,True,0.09208493753144698,0.22895861693135555
2025-03-25,7,2025-04-01,1.4294041068150223,1.2115600221612846,1.6737329324841579,1.1194837333072858,1.8475659981488621,1.38366,0.04574410681502239,True,True,0.46217291032287333,0.7280822648415763
2025-03-25,14,2025-04-08,1.3609240636105226,1.0603780903518925,1.7271833569174369,0.8572781736716653,1.8703880232514638,1.397059,-0.0361349363894774,True,True,0.6668052665655444,1.0131098495797985
2025-03-25,30,2025-04-24,1.10179102243003,0.684752908261619,1.6000723317320809,0.46838107510416527,1.9349487317174967,1.402742,-0.3009509775699699,True,True,0.9153194234704618,1.4665676566133314
2025-03-25,90,2025-06-23,1.0413832324087415,0.22534444073126128,1.906467673790362,-0.21227487756895846,2.376770346725075,2.138901,-1.0975177675912586,False,True,1.6811232330591008,2.5890452242940336
2025-04-24,1,2025-04-25,1.4124376412384496,1.3637188551473098,1.534559129312517,1.3238327670756709,1.6613183411256713,1.415704,-0.0032663587615504586,True,True,0.17084027416520708,0.33748557405000046
2025-04-24,7,2025-05-01,0.9915067041153622,0.8477674551757572,1.2568933638889876,0.7886706439219113,1.4905681226437555,1.351162,-0.35965529588463774,False,True,0.4091259087132304,0.7018974787218442
2025-04-24,14,2025-05-08,1.1029347913655938,0.8510996407223135,1.4377550988562446,0.7734389412920448,1.6270186410883403,1.604721,-0.5017862086344063,False,True,0.5866554581339312,0.8535796997962954
2025-04-24,30,2025-05-24,1.3984790996286343,1.0017459321092246,1.8922757589636783,0.8685344409033944,2.225788887827263,2.036363,-0.6378839003713659,False,True,0.8905298268544537,1.3572544469238685
2025-04-24,90,2025-07-23,2.2495944830741896,1.4813046586899357,3.027918970859996,1.1250402855605666,3.3964823026641713,2.020579,0.2290154830741895,True,True,1.5466143121700604,2.2714420171036047
2025-05-24,1,2025-05-25,2.0621888581772754,2.048710771551835,2.2044928627956852,2.0432955317007875,2.2220522254483934,2.06829,-0.006101141822724809,True,True,0.15578209124385012,0.17875669374760594
2025-05-24,7,2025-05-31,2.257230964261118,2.122311394318829,2.48921743136077,2.06573507548142,2.6180827408608476,2.064027,0.19320396426111808,False,False,0.3669060370419408,0.5523476653794277
2025-05-24,14,2025-06-07,2.3267591798926825,2.1345613468071525,2.596084858479252,2.0388635031692184,2.721621158774098,1.851479,0.47528017989268245,False,False,0.4615235116720995,0.6827576556048798
2025-05-24,30,2025-06-23,2.8572417362500415,2.486373660701339,3.2678749458366543,2.403524904034463,3.4869716770831802,2.138901,0.7183407362500414,False,False,0.7815012851353154,1.0834467730487174
2025-05-24,90,2025-08-22,4.488783008402945,3.8592297217154616,5.098056724903867,3.692231839434377,5.494773930071398,2.112594,2.3761890084029447,False,False,1.2388270031884057,1.8025420906370209
2025-06-23,1,2025-06-24,2.189117118153612,2.1767917683975084,2.2184752475905305,2.1156152586565296,2.226003282313331,2.155665,0.033452118153612265,False,True,0.041683479193022066,0.11038802365680134
2025-06-23,7,2025-06-30,2.2683416330751287,2.198190853997393,2.4300236365775656,2.1515150465306228,2.495992131049088,2.257989,0.010352633075128903,True,True,0.23183278258017248,0.34447708451846504
2025-06-23,14,2025-07-07,2.0505203202902793,1.8948135177563667,2.2210118434113184,1.8106524641927817,2.342713317357218,1.745237,0.3052833202902794,False,False,0.32619832565495166,0.5320608531644364
2025-06-23,30,2025-07-23,2.274312532006613,2.0725567275875094,2.559498237870575,1.9982849597066743,2.8333183770359067,2.020579,0.25373353200661297,False,True,0.4869415102830654,0.8350334173292324
2025-06-23,90,2025-09-21,2.2872158365898803,1.8461464357110207,2.6641989961059753,1.7157502296595595,3.083274321729255,2.182303,0.10491283658988015,True,True,0.8180525603949547,1.3675240920696956
2025-07-23,1,2025-07-24,2.027822310138039,1.9966708500242958,2.0570742994157976,1.9376347775093339,2.0682839962553596,2.011055,0.016767310138039004,True,True,0.06040344939150177,0.13064921874602575
2025-07-23,7,2025-07-30,2.0609924452097528,1.8960184247945722,2.2435476080107364,1.7771237523325751,2.2969690396040177,2.041688,0.019304445209752608,True,True,0.3475291832161642,0.5198452872714425
2025-07-23,14,2025-08-06,1.8072196973944132,1.590840438103689,2.0150616212213723,1.4327149101650283,2.148917505416916,1.73657,0.07064969739441329,True,True,0.4242211831176834,0.7162025952518876
2025-07-23,30,2025-08-22,1.8433257207265075,1.5623059828510066,2.188670433494908,1.4052306471608074,2.448991559769793,2.112594,-0.2692682792734926,True,True,0.6263644506439014,1.0437609126089857
2025-07-23,90,2025-10-21,1.3748602718034686,0.8018594695842342,1.918290889858183,0.3824742640692425,2.214834369073401,2.248251,-0.8733907281965316,False,False,1.116431420273949,1.8323601050041585
2025-08-22,1,2025-08-23,2.1144093280603617,2.079496003796676,2.1419910816327428,2.032224706282381,2.2719608482273492,2.121265,-0.00685567193963843,True,True,0.06249507783606667,0.2397361419449684
2025-08-22,7,2025-08-29,2.1128368439463188,2.005002145308689,2.2788390532955485,1.9701622954286082,2.3748113380647102,2.151017,-0.03818015605368119,True,True,0.27383690798685967,0.404649042636102
2025-08-22,14,2025-09-05,1.8700023071070317,1.7277712010006687,2.083771158210427,1.6068770448700256,2.169190171471714,1.927362,-0.05735969289296827,True,True,0.3559999572097583,0.5623131266016885
2025-08-22,30,2025-09-21,2.0146738611651607,1.7755917072946295,2.3463981567675587,1.6204771078989564,2.4964141116482783,2.182303,-0.16762913883483943,True,True,0.5708064494729292,0.8759370037493219
2025-08-22,90,2025-11-20,2.530216544114271,2.0903686755128317,3.132415240403589,1.9062279073767805,3.3597381124218777,2.415441,0.11477554411427127,True,True,1.0420465648907573,1.4535102050450972
2025-09-21,1,2025-09-22,2.1900451643345455,2.138053396335712,2.3073606642350066,1.9423724095655217,2.40214048254073,2.145973,0.044072164334545416,True,True,0.16930726789929462,0.4597680729752085
2025-09-21,7,2025-09-28,2.1612445636538116,1.8922455191845868,2.403333259943682,1.7555787178151074,2.559092855751642,2.005437,0.15580756365381143,True,True,0.5110877407590952,0.8035141379365347
2025-09-21,14,2025-10-05,2.2936416617361934,1.878194789408584,2.7057506738010897,1.6610793303372138,2.8969259919264663,2.209571,0.08407066173619349,True,True,0.8275558843925057,1.2358466615892525
2025-09-21,30,2025-10-21,2.492276304542699,1.9246171493217714,3.000784536296951,1.7002769867382619,3.2658296514302814,2.248251,0.24402530454269877,True,True,1.0761673869751798,1.5655526646920195
2025-09-21,90,2025-12-20,3.039188563117016,2.046746781260972,3.930328608762909,1.4824303901195988,4.371545927329056,2.481266,0.5579225631170157,True,True,1.8835818275019367,2.889115537209457
2025-10-21,1,2025-10-22,2.2462582100544517,2.2132828612044455,2.268173710465026,2.0216838854162247,2.3422695138939678,2.265597,-0.019338789945548385,True,True,0.05489084926058041,0.3205856284777431
2025-10-21,7,2025-10-28,2.2490323161275407,2.0292152794164866,2.3463844538680547,1.9727824546415142,2.4212261371099135,2.471106,-0.22207368387245907,False,False,0.3171691744515681,0.4484436824683993
2025-10-21,14,2025-11-04,2.2367000916889026,1.972275644063889,2.3979527641810052,1.7736637528565733,2.4833577085161833,2.672952,-0.4362519083110974,False,False,0.4256771201171161,0.70969395565961
2025-10-21,30,2025-11-20,1.9869078754983107,1.6337108856709528,2.284237580143084,1.4784812429035623,2.4890139881859605,2.415441,-0.42853312450168923,False,True,0.6505266944721311,1.0105327452823982
2025-10-21,90,2026-01-19,1.430476428801374,0.8508627069491261,1.9062922688666464,0.38175535259577864,2.105735300855284,1.573616,-0.14313957119862586,True,True,1.0554295619175202,1.7239799482595053
2025-11-20,1,2025-11-21,2.4339126442968024,2.4057922458274246,2.4649775704975103,2.2519825223925856,2.4785103138002236,2.413817,0.02009564429680255,True,True,0.05918532467008575,0.226527791407638
2025-11-20,7,2025-11-27,2.4378487391888233,2.2554758092966627,2.568711240817249,2.109865908290682,2.6470095503734856,2.386546,0.05130273918882322,True,True,0.3132354315205865,0.5371436420828037
2025-11-20,14,2025-12-04,2.3579283827819304,2.1352248540419345,2.543382992712397,2.0277067515907787,2.6781505768067033,2.476734,-0.11880561721806959,True,True,0.40815813867046247,0.6504438252159246
2025-11-20,30,2025-12-20,2.448247691990961,2.086754687471319,2.756527700019544,1.8665623518214893,2.925301650494662,2.481266,-0.03301830800903938,True,True,0.6697730125482249,1.0587392986731725
2025-11-20,90,2026-02-18,2.087379024119122,1.5832621926327923,2.6354184673282606,1.2253378526941918,2.9187136031170273,0.866517,1.2208620241191221,False,False,1.0521562746954682,1.6933757504228355
2025-12-20,1,2025-12-21,2.4814770510325617,2.466545275927952,2.539873323517146,2.4015249003485466,2.6303932145368596,2.394312,0.08716505103256145,False,False,0.07332804758919398,0.228868314188313
2025-12-20,7,2025-12-27,2.485462055359729,2.4077989864913834,2.647971146598265,2.3384721251062497,2.6940952811703323,2.301655,0.18380705535972908,False,False,0.2401721601068818,0.35562315606408257
2025-12-20,14,2026-01-03,2.459127003519797,2.3030607427614918,2.668716073014295,2.2045576712289847,2.7604541010749815,1.805803,0.6533240035197969,False,False,0.36565533025280317,0.5558964298459967
2025-12-20,30,2026-01-19,2.5774476900745262,2.3244109176276133,2.8395840381140407,2.13764688936243,3.0003594855372424,1.573616,1.0038316900745263,False,False,0.5151731204864274,0.8627125961748123
2025-12-20,90,2026-03-20,2.040738282826389,1.6155770128038243,2.470248651677465,1.4414965022866844,2.755956364049188,1.653255,0.3874832828263892,True,True,0.8546716388736408,1.3144598617625036
2026-01-19,1,2026-01-20,1.5004400963988695,1.418736183212248,1.552559566132039,1.3461014653592396,1.6534539239762558,1.481162,0.01927809639886946,True,True,0.133823382919791,0.3073524586170162
2026-01-19,7,2026-01-26,1.4880595007912056,1.3253212012589488,1.6801847484320787,1.2088750630065492,1.8009038964768245,1.204119,0.2839405007912057,False,False,0.35486354717312985,0.5920288334702752
2026-01-19,14,2026-02-02,1.319964440147836,1.0405632407021859,1.6405971232818306,0.8560284987280459,1.8030790685371367,0.947311,0.3726534401478361,False,True,0.6000338825796447,0.9470505698090909
2026-01-19,30,2026-02-18,0.5763953064458427,0.18500438720034706,0.9457963487856857,-0.036258435179609694,1.2037362610883602,0.866517,-0.2901216935541573,True,True,0.7607919615853387,1.2399946962679698
2026-01-19,90,2026-04-19,-0.9892253478456459,-1.6299104438406276,-0.30602518408727636,-2.1163616540433945,-0.03412679750323838,1.765923,-2.7551483478456458,False,False,1.3238852597533513,2.0822348565401563
2026-02-18,1,2026-02-19,0.8474413131942082,0.7045490928776266,0.9310397303114337,0.6470494047611686,1.1982270248040994,0.919413,-0.0719716868057918,True,True,0.22649063743380715,0.5511776200429308
2026-02-18,7,2026-02-25,0.8800075517068962,0.6528649955468779,1.1826756657620874,0.4124021407884021,1.3417152727034078,0.939415,-0.05940744829310385,True,True,0.5298106702152094,0.9293131319150058
2026-02-18,14,2026-03-04,1.069312776797604,0.7122367988819756,1.5249984165454267,0.5168057237275892,1.9534690228552967,0.932479,0.1368337767976041,True,True,0.8127616176634511,1.4366632991277075
2026-02-18,30,2026-03-20,0.8837466009077866,0.33419659728125994,1.5408908194466742,0.08893912486018733,1.8701105498659272,1.653255,-0.7695083990922134,False,True,1.2066942221654142,1.7811714250057398
2026-02-18,90,2026-05-19,0.14621971449875204,-0.74100208349121,1.4972829494002735,-1.4545257439124852,2.326957654355333,,,,,2.2382850328914836,3.7814833982678184
2026-03-20,1,2026-03-21,1.6738848067010335,1.6436613584346136,1.7607451926874094,1.498149541588669,2.411966448872384,1.702965,-0.029080193298966606,True,True,0.11708383425279578,0.9138169072837152
2026-03-20,7,2026-03-27,1.9339579816481731,0.6210099131664902,2.763274216308182,0.3315243670590045,3.3322466151769734,1.779522,0.15443598164817307,True,True,2.1422643031416917,3.000722248117969
2026-03-20,14,2026-04-03,2.2183306282707944,0.7659116551557021,3.2312992001487357,-0.16415533167463364,3.8090445933114454,1.335893,0.8824376282707944,True,True,2.4653875449930336,3.973199924986079
2026-03-20,30,2026-04-19,2.4297828111966475,0.07823099063619013,4.296237050935973,-1.0347528718388923,4.894373673824582,1.765923,0.6638598111966476,True,True,4.218006060299783,5.929126545663474
2026-03-20,90,2026-06-18,3.4257215113455715,-0.15968879783994994,7.213317495550427,-2.720820590940623,9.302160972983602,,,,,7.373006293390377,12.022981563924224
2026-04-19,1,2026-04-20,1.7517606063629483,1.7108383553642277,1.7967596990164474,1.6905817229258853,2.017558935079064,1.741166,0.010594606362948289,True,True,0.0859213436522197,0.3269772121531789
2026-04-19,7,2026-04-26,1.7325722129666739,1.5684610534569106,2.014330805339581,1.5008852230325034,2.205361055088537,1.798026,-0.06545378703332605,True,True,0.4458697518826704,0.7044758320560338
2026-04-19,14,2026-05-03,1.7997137555394311,1.585305684761566,2.1897453243619487,1.4796937702627913,2.422046983280311,,,,,0.6044396396003826,0.9423532130175196
2026-04-19,30,2026-05-19,1.5830588682690356,1.1903559720898222,2.1700360655888025,0.9954935544382094,2.5093056778547322,,,,,0.9796800934989802,1.513812123416523
2026-04-19,90,2026-07-18,2.699642067175498,1.799826867567051,3.45097148901017,1.339000225943638,4.050496492943008,,,,,1.6511446214431191,2.71149626699937
