origin,target,today,actual,headline_persistence,component_index_persistence,component_median_return_7d,component_median_return_30d
2025-01-01,2025-01-02,3.163398,3.189011,3.163398,3.313681646015665,3.3085665575923295,3.3133940291689035
2025-01-02,2025-01-03,3.189011,3.177477,3.189011,3.2270416383474165,3.2246089224361674,3.2270411083492823
2025-01-03,2025-01-04,3.177477,3.004613,3.177477,3.2503224792403085,3.249543931030874,3.250059224647406
2025-01-04,2025-01-05,3.004613,3.020182,3.004613,3.2560354362424215,3.255366894600642,3.255565673224181
2025-01-05,2025-01-06,3.020182,3.170232,3.020182,3.248694892035342,3.2487210770588693,3.2483233327480487
2025-01-06,2025-01-07,3.170232,3.191869,3.170232,3.2728311625156215,3.2752204546562913,3.2724896209568755
2025-01-07,2025-01-08,3.191869,3.184648,3.191869,3.2589088663854016,3.2612991587466,3.258639760702242
2025-01-08,2025-01-09,3.184648,3.184932,3.184648,3.2468760953819675,3.2490696201090907,3.2467521964504975
2025-01-09,2025-01-10,3.184932,3.227938,3.184932,3.2964348692743783,3.2988836753277795,3.2965368842055476
2025-01-10,2025-01-11,3.227938,3.113995,3.227938,3.347232625008023,3.351336707828012,3.3474108223189525
2025-01-11,2025-01-12,3.113995,3.13668,3.113995,3.380035513322799,3.3830087155344524,3.380253491441154
2025-01-12,2025-01-13,3.13668,3.245195,3.13668,3.3878440158478407,3.3908236288141325,3.3881034618007178
2025-01-13,2025-01-14,3.245195,3.243107,3.245195,3.336641366160187,3.340650640848586,3.3369151187475854
2025-01-14,2025-01-15,3.243107,3.276563,3.243107,3.30507956497772,3.3079809620189193,3.3053382490573435
2025-01-15,2025-01-16,3.276563,3.222938,3.276563,3.340876094638401,3.347282213899039,3.3410928285377173
2025-01-16,2025-01-17,3.222938,3.267525,3.222938,3.2819403889344567,3.2839580051966077,3.2823294544168435
2025-01-17,2025-01-18,3.267525,3.259019,3.267525,3.2917447468594707,3.292232538753348,3.2922553747968486
2025-01-18,2025-01-19,3.259019,3.247445,3.259019,3.280477255415737,3.2893621943931084,3.281007951258119
2025-01-19,2025-01-20,3.247445,3.241675,3.247445,3.29106200864846,3.2917189241123967,3.2916096767390046
2025-01-20,2025-01-21,3.241675,3.293081,3.241675,3.1948556797973593,3.1955119376056107,3.195209521982467
2025-01-21,2025-01-22,3.293081,3.281368,3.293081,3.183111692003293,3.1837663853971687,3.183405248103366
2025-01-22,2025-01-23,3.281368,3.274658,3.281368,3.154604987222509,3.155259185917636,3.1548697822019856
2025-01-23,2025-01-24,3.274658,3.241159,3.274658,3.1452185838392266,3.1509298371463546,3.145605826392206
2025-01-24,2025-01-25,3.241159,3.29705,3.241159,3.173670380802318,3.1739555512015905,3.1743079385860407
2025-01-25,2025-01-26,3.29705,3.30294,3.29705,3.1820121024941583,3.181516923935601,3.1824056772816744
2025-01-26,2025-01-27,3.30294,3.314248,3.30294,3.106363880960883,3.1050655868051003,3.1067739294815766
2025-01-27,2025-01-28,3.314248,3.327777,3.314248,3.093586584353103,3.092298021230211,3.0937554169125914
2025-01-28,2025-01-29,3.327777,3.363495,3.327777,3.0500327558476314,3.049053316471362,3.050261722625147
2025-01-29,2025-01-30,3.363495,3.303542,3.363495,3.0458208202769566,3.0447823728340317,3.046049396749173
2025-01-30,2025-01-31,3.303542,3.301063,3.303542,2.6396408372173052,2.638607528881698,2.639940504658722
2025-01-31,2025-02-01,3.301063,3.118979,3.301063,2.705239288201944,2.703048212564463,2.7055384600559007
2025-02-01,2025-02-02,3.118979,3.125735,3.118979,2.748812115966248,2.746622030400392,2.748848451474206
2025-02-02,2025-02-03,3.125735,3.150657,3.125735,2.6196826692505004,2.6174924123715693,2.619603012274374
2025-02-03,2025-02-04,3.150657,3.168207,3.150657,2.680765242520078,2.678635915200478,2.680483030587788
2025-02-04,2025-02-05,3.168207,3.189753,3.168207,2.6698264336259436,2.6668940163029786,2.6693376542429537
2025-02-05,2025-02-06,3.189753,3.186327,3.189753,2.6363940331301183,2.633472347795185,2.63567658508983
2025-02-06,2025-02-07,3.186327,3.141297,3.186327,2.6514053020772144,2.648885633086251,2.6506875900462967
2025-02-07,2025-02-08,3.141297,3.159197,3.141297,2.6517954877856686,2.6495327984354056,2.6507998265752786
2025-02-08,2025-02-09,3.159197,3.134462,3.159197,2.594713674103688,2.5935223783748462,2.593740701244962
2025-02-09,2025-02-10,3.134462,3.085075,3.134462,2.591366901000214,2.5902716841361473,2.5903931371588307
2025-02-10,2025-02-11,3.085075,3.082654,3.085075,2.5718138728610507,2.5709780218053924,2.5706943273994476
2025-02-11,2025-02-12,3.082654,3.083718,3.082654,2.5480061147005184,2.550703013751354,2.5470338590521946
2025-02-12,2025-02-13,3.083718,3.103342,3.083718,2.5732594544781717,2.576307267713518,2.5726030688505652
2025-02-13,2025-02-14,3.103342,3.127984,3.103342,2.5702530629849507,2.5733013375484726,2.5698562229883537
2025-02-14,2025-02-15,3.127984,3.189916,3.127984,2.5425224464230567,2.543904410670672,2.542191232008384
2025-02-15,2025-02-16,3.189916,3.203714,3.189916,2.813276848768398,2.816426388679205,2.8129452391673304
2025-02-16,2025-02-17,3.203714,3.137404,3.203714,2.8460518930709666,2.8509761226111596,2.8457198577686027
2025-02-17,2025-02-18,3.137404,3.166753,3.137404,2.7426065712979675,2.7476528635781428,2.742006113375073
2025-02-18,2025-02-19,3.166753,3.109679,3.166753,2.7456753626248,2.752634861921832,2.7450935879632876
2025-02-19,2025-02-20,3.109679,3.085463,3.109679,2.785613323246827,2.799053506974003,2.785088301703542
2025-02-20,2025-02-21,3.085463,3.1081,3.085463,2.8105892139869137,2.8204976900516376,2.810603902364317
2025-02-21,2025-02-22,3.1081,3.036669,3.1081,2.8144401281176235,2.822836606875301,2.8148248782037033
2025-02-22,2025-02-23,3.036669,3.044384,3.036669,2.835403574507267,2.8377184512986986,2.8354182463094846
2025-02-23,2025-02-24,3.044384,3.019086,3.044384,2.8247601811219214,2.826097046164122,2.824235799506325
2025-02-24,2025-02-25,3.019086,3.031124,3.019086,2.7763972242097035,2.7774859893910486,2.7758737537365574
2025-02-25,2025-02-26,3.031124,2.991633,3.031124,2.7554863539977825,2.752258367078264,2.7549636707580483
2025-02-26,2025-02-27,2.991633,2.927044,2.991633,2.722531932485728,2.7187305962498742,2.722009950810045
2025-02-27,2025-02-28,2.927044,2.894027,2.927044,2.7471839907848628,2.737647583460623,2.7467045021114966
2025-02-28,2025-03-01,2.894027,2.942214,2.894027,1.968420834733342,1.9588440003767804,1.9679459313406644
2025-03-01,2025-03-02,2.942214,2.969951,2.942214,1.987598929806489,1.9824597099852515,1.9862963010059964
2025-03-02,2025-03-03,2.969951,2.901619,2.969951,1.8918368856257972,1.8842543802472633,1.8905827468638892
2025-03-03,2025-03-04,2.901619,2.842076,2.901619,1.8575949124112423,1.8493979513802827,1.856389012129922
2025-03-04,2025-03-05,2.842076,2.869666,2.842076,1.8636133757984785,1.8554367361136581,1.8624115893160376
2025-03-05,2025-03-06,2.869666,2.860245,2.869666,1.8543975119029943,1.8479107277460827,1.8537718910172751
2025-03-06,2025-03-07,2.860245,2.846767,2.860245,1.7235293611854052,1.7163844348388357,1.7229072763684128
2025-03-07,2025-03-08,2.846767,2.875734,2.846767,1.823692128706722,1.8138588650351561,1.8232927274865363
2025-03-08,2025-03-09,2.875734,2.863652,2.875734,1.7925591071891844,1.7853111827116352,1.790968779619817
2025-03-09,2025-03-10,2.863652,2.841942,2.863652,1.8366817831992677,1.8360810724469712,1.836235291641164
2025-03-10,2025-03-11,2.841942,2.774816,2.841942,1.7977734602753426,1.7926705819977018,1.7961401813067601
2025-03-11,2025-03-12,2.774816,2.730388,2.774816,1.7642029916530522,1.75696288881535,1.7612743181793622
2025-03-12,2025-03-13,2.730388,2.735916,2.730388,1.760983177460207,1.753743688205045,1.7593565299519387
2025-03-13,2025-03-14,2.735916,2.725929,2.735916,1.8242300267257594,1.819913878025714,1.8213060022691296
2025-03-14,2025-03-15,2.725929,2.696934,2.725929,1.6570539318667254,1.6550827306261784,1.6538167938395132
2025-03-15,2025-03-16,2.696934,2.65069,2.696934,1.8950830684175468,1.8932739158653789,1.8918497083880936
2025-03-16,2025-03-17,2.65069,2.68502,2.65069,1.8894163511844253,1.8839553708180246,1.8861718322111365
2025-03-17,2025-03-18,2.68502,2.657074,2.68502,1.8591146250626522,1.8556980281316138,1.8558716243205708
2025-03-18,2025-03-19,2.657074,2.656154,2.657074,1.8557808293948819,1.854087761075851,1.8525780333812136
2025-03-19,2025-03-20,2.656154,2.638162,2.656154,1.9006746473006153,1.9014949505446355,1.8977642005395534
2025-03-20,2025-03-21,2.638162,2.605377,2.638162,1.9136590646219975,1.914642088766505,1.9106048529300868
2025-03-21,2025-03-22,2.605377,2.57653,2.605377,1.9243212064782522,1.9242329898437882,1.9212099118561365
2025-03-22,2025-03-23,2.57653,2.645675,2.57653,2.006023912571653,2.0066767297511445,2.002899286872406
2025-03-23,2025-03-24,2.645675,2.652405,2.645675,1.9888124736575863,1.9890754780118147,1.985233372211348
2025-03-24,2025-03-25,2.652405,2.608536,2.652405,1.9611425473637478,1.961440352288779,1.9580766824286222
2025-03-25,2025-03-26,2.608536,2.607925,2.608536,1.981540573960805,1.9814435102999406,1.9792653541688576
2025-03-26,2025-03-27,2.607925,2.60616,2.607925,1.9751104649065043,1.9744925255999357,1.9732906746848577
2025-03-27,2025-03-28,2.60616,2.598881,2.60616,1.9852187631724583,1.9864393600178998,1.9836054680133275
2025-03-28,2025-03-29,2.598881,2.595508,2.598881,1.9768487291549564,1.977087390147525,1.9756759000685076
2025-03-29,2025-03-30,2.595508,2.633984,2.595508,1.9831915292490843,1.9822542503821428,1.9820463694877777
2025-03-30,2025-03-31,2.633984,2.650885,2.633984,2.00956043158691,2.011623768876114,2.0086197500420955
2025-03-31,2025-04-01,2.650885,2.802591,2.650885,1.5862344824292496,1.5883523202722793,1.5858447505663786
2025-04-01,2025-04-02,2.802591,2.812,2.802591,1.5824702778836963,1.5869584083008093,1.5827061508540519
2025-04-02,2025-04-03,2.812,2.785513,2.812,1.569465521060187,1.574504947809352,1.5696779646146464
2025-04-03,2025-04-04,2.785513,2.721403,2.785513,1.5715727327836992,1.5773204362494742,1.5719744670372737
2025-04-04,2025-04-05,2.721403,2.647078,2.721403,1.530396913221832,1.5347260777822003,1.5307820754562496
2025-04-05,2025-04-06,2.647078,2.628575,2.647078,1.4964526761278574,1.5001003308955152,1.49692313812535
2025-04-06,2025-04-07,2.628575,2.629262,2.628575,1.4075705739785782,1.410557487713815,1.4078603256991729
2025-04-07,2025-04-08,2.629262,2.598048,2.629262,1.6078893289085627,1.611706466323537,1.6085674310296838
2025-04-08,2025-04-09,2.598048,2.619183,2.598048,1.581857468730341,1.584022081460712,1.582426307695517
2025-04-09,2025-04-10,2.619183,2.6088,2.619183,1.5296532261828588,1.5213183048482737,1.530342971119114
2025-04-10,2025-04-11,2.6088,2.664326,2.6088,1.5538509589378746,1.542446868115932,1.554670667420588
2025-04-11,2025-04-12,2.664326,2.628954,2.664326,1.565376257158002,1.5539996755504104,1.5661914769350194
2025-04-12,2025-04-13,2.628954,2.577535,2.628954,1.6785941194929377,1.678067477796219,1.6794453255911446
2025-04-13,2025-04-14,2.577535,2.544859,2.577535,1.7016692219050666,1.7210178857765657,1.7027535755479217
2025-04-14,2025-04-15,2.544859,2.52809,2.544859,1.6155000362982008,1.6138195941735267,1.617085066564905
2025-04-15,2025-04-16,2.52809,2.5667,2.52809,1.64211484783654,1.6423634196850445,1.643562376946539
2025-04-16,2025-04-17,2.5667,2.564076,2.5667,1.6044176841454316,1.6046672834811426,1.6058434529302001
2025-04-17,2025-04-18,2.564076,2.520978,2.564076,1.514927643160413,1.5181665323105387,1.5159121352059879
2025-04-18,2025-04-19,2.520978,2.471701,2.520978,1.607967244653019,1.6121517862453194,1.6083598347226502
2025-04-19,2025-04-20,2.471701,2.476203,2.471701,1.6201828410060237,1.6233091721578052,1.6207182692702382
2025-04-20,2025-04-21,2.476203,2.476584,2.476203,1.6356968970517416,1.6343601808989305,1.6362275229928391
2025-04-21,2025-04-22,2.476584,2.495594,2.476584,1.5895255390206309,1.588395696018985,1.5899129258837075
2025-04-22,2025-04-23,2.495594,2.501642,2.495594,1.5958636011264682,1.5942856536448113,1.5964150257465004
2025-04-23,2025-04-24,2.501642,2.522167,2.501642,1.5904360721961552,1.5923151195183394,1.5912527673950239
2025-04-24,2025-04-25,2.522167,2.538382,2.522167,1.6154069826187278,1.6188889179352461,1.6165445350823315
2025-04-25,2025-04-26,2.538382,2.566727,2.538382,1.635920161145954,1.639036863170995,1.6374260247941752
2025-04-26,2025-04-27,2.566727,2.562755,2.566727,1.3035598631303102,1.3071284908487524,1.3053402465764696
2025-04-27,2025-04-28,2.562755,2.550159,2.562755,1.3479666475046503,1.3528261745774373,1.3498611667507987
2025-04-28,2025-04-29,2.550159,2.560776,2.550159,1.3527630098750354,1.3566713600872138,1.3543791480442158
2025-04-29,2025-04-30,2.560776,2.590431,2.560776,1.3818649472198796,1.3857433314395484,1.3829086366773824
2025-04-30,2025-05-01,2.590431,2.631327,2.590431,1.2103293148884697,1.2124538665715834,1.2112657649143488
2025-05-01,2025-05-02,2.631327,2.647353,2.631327,1.2197689679716905,1.2204185622368469,1.2206862188301137
2025-05-02,2025-05-03,2.647353,2.645079,2.647353,1.2257327771477033,1.2263824119387756,1.2266630655317634
2025-05-03,2025-05-04,2.645079,2.644484,2.645079,1.2287927680087352,1.2294423510711638,1.2291280152356254
2025-05-04,2025-05-05,2.644484,2.629522,2.644484,1.3154190800909626,1.3160956247584288,1.3154317880687216
2025-05-05,2025-05-06,2.629522,2.636677,2.629522,1.3224958729718406,1.3231513282537577,1.3224758202213582
2025-05-06,2025-05-07,2.636677,2.598853,2.636677,1.2971654984826886,1.298651067900769,1.2970415963143411
2025-05-07,2025-05-08,2.598853,2.638239,2.598853,1.4671462786288725,1.4686310984010964,1.4667870707701924
2025-05-08,2025-05-09,2.638239,2.65132,2.638239,1.4810352896829526,1.4825211461881427,1.4806915506770268
2025-05-09,2025-05-10,2.65132,2.65087,2.65132,1.4523307039096434,1.4517004685020707,1.4520527014413975
2025-05-10,2025-05-11,2.65087,2.634171,2.65087,1.431151871511127,1.430520723363471,1.4308606431854054
2025-05-11,2025-05-12,2.634171,2.623429,2.634171,1.4373000905051558,1.4388588296285088,1.4371386296772704
2025-05-12,2025-05-13,2.623429,2.738925,2.623429,1.531731957264304,1.5332877577627357,1.5315733590040903
2025-05-13,2025-05-14,2.738925,2.743897,2.738925,1.5297668486627947,1.531810475646922,1.5300420319568797
2025-05-14,2025-05-15,2.743897,2.757139,2.743897,1.493254426734869,1.4951474455104918,1.4935055774274009
2025-05-15,2025-05-16,2.757139,2.793304,2.757139,1.7040693180096822,1.704274917863513,1.7044630025505159
2025-05-16,2025-05-17,2.793304,2.782072,2.793304,1.707890168088344,1.710567137089991,1.7084160914451862
2025-05-17,2025-05-18,2.782072,2.769987,2.782072,1.694615547092071,1.6976030701148392,1.6950966788915167
2025-05-18,2025-05-19,2.769987,2.786691,2.769987,1.8465606839776827,1.84971258875255,1.8473512957071003
2025-05-19,2025-05-20,2.786691,2.759351,2.786691,1.7896570709491577,1.7930272993029295,1.7905574004960512
2025-05-20,2025-05-21,2.759351,2.763985,2.759351,1.764286596859721,1.7648704734557485,1.764979340953099
2025-05-21,2025-05-22,2.763985,2.742181,2.763985,1.7514198873543663,1.7516733357664238,1.7520326400033648
2025-05-22,2025-05-23,2.742181,2.719997,2.742181,1.823518314256689,1.8298741591874945,1.8241312084573247
2025-05-23,2025-05-24,2.719997,2.677723,2.719997,1.8134381133620092,1.8155330246698798,1.8142709648448996
2025-05-24,2025-05-25,2.677723,2.701012,2.677723,1.9153121219621427,1.9174130647380938,1.9165647006758046
2025-05-25,2025-05-26,2.701012,2.698295,2.701012,1.9254318179841468,1.9274959782456857,1.9266876252828524
2025-05-26,2025-05-27,2.698295,2.676995,2.698295,1.9338221607315687,1.9357602444530553,1.934821511247553
2025-05-27,2025-05-28,2.676995,2.625917,2.676995,1.937982885894085,1.941768176160319,1.9396597300163076
2025-05-28,2025-05-29,2.625917,2.615036,2.625917,1.9433380162964475,1.9471179944768657,1.9450131176643515
2025-05-29,2025-05-30,2.615036,2.637626,2.615036,1.9166957918568706,1.9186328914169382,1.918370716359763
2025-05-30,2025-05-31,2.637626,2.655982,2.637626,1.9253951159795557,1.9245931215474688,1.9269905933013698
2025-05-31,2025-06-01,2.655982,2.600555,2.655982,1.7010691314978343,1.6985336525301653,1.7020039517741559
2025-06-01,2025-06-02,2.600555,2.584613,2.600555,1.717563410369638,1.7142138524610662,1.717778184445229
2025-06-02,2025-06-03,2.584613,2.583974,2.584613,1.7756644305247704,1.7714999491121652,1.7756545425738013
2025-06-03,2025-06-04,2.583974,2.615242,2.583974,1.791745766263242,1.7875865302246163,1.7917016889134718
2025-06-04,2025-06-05,2.615242,2.665076,2.615242,1.8142134491252015,1.8105040341887202,1.8141545869859277
2025-06-05,2025-06-06,2.665076,2.656453,2.665076,1.7108178142134056,1.705518137247708,1.7105394318018607
2025-06-06,2025-06-07,2.656453,2.660664,2.656453,1.7372687306594248,1.733569734394269,1.73714069707398
2025-06-07,2025-06-08,2.660664,2.687463,2.660664,1.7438644000699055,1.7406871177811922,1.7437362695203573
2025-06-08,2025-06-09,2.687463,2.655842,2.687463,1.7749048275281343,1.7726119798648021,1.7750006547881725
2025-06-09,2025-06-10,2.655842,2.700814,2.655842,1.7933791339715288,1.7910958527660226,1.7932796333223422
2025-06-10,2025-06-11,2.700814,2.692131,2.700814,1.7894526662665555,1.781890660477914,1.7892165196303322
2025-06-11,2025-06-12,2.692131,2.668646,2.692131,1.7680953365306618,1.7651231218366314,1.7678618086450548
2025-06-12,2025-06-13,2.668646,2.669726,2.668646,1.7384032222835133,1.7371950496876343,1.7381262071789472
2025-06-13,2025-06-14,2.669726,2.735468,2.669726,1.9402023351644315,1.9381311975132265,1.9395729411130436
2025-06-14,2025-06-15,2.735468,2.662027,2.735468,1.8998418679628593,1.897627249471423,1.899168408142593
2025-06-15,2025-06-16,2.662027,2.715948,2.662027,1.92332011517371,1.9211038077677989,1.9226449827042469
2025-06-16,2025-06-17,2.715948,2.717613,2.715948,1.9644924027240496,1.9671181647461067,1.9638340638815643
2025-06-17,2025-06-18,2.717613,2.713231,2.717613,1.9531019161537655,1.9578572554262763,1.9524354392208787
2025-06-18,2025-06-19,2.713231,2.708871,2.713231,1.9796990843655937,1.9857427964652175,1.9790316925193396
2025-06-19,2025-06-20,2.708871,2.703631,2.708871,1.9965811728184901,2.000477020011271,1.9963581750911397
2025-06-20,2025-06-21,2.703631,2.71208,2.703631,2.015752944553517,2.0201987378050346,2.0161277197780825
2025-06-21,2025-06-22,2.71208,2.723503,2.71208,2.0115587895773723,2.0182314697056336,2.0119134765024693
2025-06-22,2025-06-23,2.723503,2.756609,2.723503,1.999278564060969,2.0074690962303077,1.999633453452021
2025-06-23,2025-06-24,2.756609,2.720454,2.756609,2.046475162597794,2.045224600750606,2.0468303203378113
2025-06-24,2025-06-25,2.720454,2.711895,2.720454,2.0323613726418666,2.030841890581603,2.0326233945790584
2025-06-25,2025-06-26,2.711895,2.693517,2.711895,2.036430934392497,2.03491074795239,2.0371099760133182
2025-06-26,2025-06-27,2.693517,2.700216,2.693517,2.071437010962418,2.073043100348859,2.072119064734479
2025-06-27,2025-06-28,2.700216,2.717011,2.700216,2.0452040501943936,2.0439967324582975,2.045865260117763
2025-06-28,2025-06-29,2.717011,2.760256,2.717011,2.0994032019397757,2.094557511942452,2.100036848457032
2025-06-29,2025-06-30,2.760256,2.751464,2.760256,2.1300215375818388,2.1303070448008388,2.1306517926738877
2025-06-30,2025-07-01,2.751464,2.760873,2.751464,1.9747734734568478,1.9747734734568478,1.9754026527604829
2025-07-01,2025-07-02,2.760873,2.7536,2.760873,1.9343808326256484,1.9329914340315169,1.9350083998312062
2025-07-02,2025-07-03,2.7536,2.741008,2.7536,1.9286727778276225,1.9249082297933207,1.9292327770684903
2025-07-03,2025-07-04,2.741008,2.724379,2.741008,1.8810171250955632,1.8756091375760509,1.8814249214224699
2025-07-04,2025-07-05,2.724379,2.734022,2.724379,1.8562504751969078,1.8528162451817654,1.8566110142583803
2025-07-05,2025-07-06,2.734022,2.684365,2.734022,1.7963242043630645,1.7932876922177154,1.7969196984113145
2025-07-06,2025-07-07,2.684365,2.648913,2.684365,1.7896573290691054,1.785281838765851,1.7898064460158514
2025-07-07,2025-07-08,2.648913,2.651214,2.648913,1.6830380206578788,1.6792570203377544,1.6833564333808892
2025-07-08,2025-07-09,2.651214,2.658806,2.651214,1.5855321226188712,1.5824974627679511,1.5855804820471997
2025-07-09,2025-07-10,2.658806,2.681823,2.658806,1.565191917791653,1.558926518856496,1.5655585013751638
2025-07-10,2025-07-11,2.681823,2.662167,2.681823,1.5546931873984482,1.5527340012627677,1.5548496044241356
2025-07-11,2025-07-12,2.662167,2.680936,2.662167,1.5842055444704295,1.5822420435859907,1.5845280770732773
2025-07-12,2025-07-13,2.680936,2.721474,2.680936,1.6354564631681612,1.6297545466519292,1.6354016155441409
2025-07-13,2025-07-14,2.721474,2.727721,2.721474,1.635087141206304,1.633824618868629,1.6347497152730206
2025-07-14,2025-07-15,2.727721,2.73823,2.727721,1.707266278907582,1.707490325141614,1.7074678822937006
2025-07-15,2025-07-16,2.73823,2.753806,2.73823,1.7063611598760575,1.7072625826943577,1.7064615385071757
2025-07-16,2025-07-17,2.753806,2.752205,2.753806,1.7221844266225084,1.723252972151501,1.72162797956521
2025-07-17,2025-07-18,2.752205,2.782681,2.752205,1.8993552039766382,1.9007083751738207,1.8984673045968181
2025-07-18,2025-07-19,2.782681,2.81696,2.782681,1.9405547473423157,1.9419790738110843,1.939638156479817
2025-07-19,2025-07-20,2.81696,2.80984,2.81696,1.9372161698498314,1.939461374311069,1.9369044207079078
2025-07-20,2025-07-21,2.80984,2.805745,2.80984,1.96071137630216,1.9667783696085905,1.9605923552143967
2025-07-21,2025-07-22,2.805745,2.742242,2.805745,1.909923001746816,1.9114941855225442,1.9085619599516157
2025-07-22,2025-07-23,2.742242,2.759666,2.742242,1.9165195084299924,1.9184335010032916,1.915651350832781
2025-07-23,2025-07-24,2.759666,2.771269,2.759666,1.9183079421554172,1.9199284354367796,1.917030596596092
2025-07-24,2025-07-25,2.771269,2.757239,2.771269,1.8950763106708735,1.9017843546088375,1.8938880930946533
2025-07-25,2025-07-26,2.757239,2.800827,2.757239,1.9423341541435102,1.9484857413779366,1.9410868472648168
2025-07-26,2025-07-27,2.800827,2.808086,2.800827,1.9550791053213556,1.9619219100201368,1.9540696288392168
2025-07-27,2025-07-28,2.808086,2.817526,2.808086,1.9437860202268231,1.9454272589293442,1.942915370533771
2025-07-28,2025-07-29,2.817526,2.791235,2.817526,1.904452364660103,1.9058049137023358,1.9034438193102465
2025-07-29,2025-07-30,2.791235,2.788153,2.791235,1.9076915681586648,1.9056632794681727,1.9064644463722802
2025-07-30,2025-07-31,2.788153,2.796553,2.788153,1.9343626406522096,1.9357531483752854,1.9333638578253431
2025-07-31,2025-08-01,2.796553,2.703105,2.796553,1.6204254007714525,1.6196790235419423,1.6199652619345972
2025-08-01,2025-08-02,2.703105,2.766855,2.703105,1.6102074503474784,1.5998612220218256,1.6097749025570707
2025-08-02,2025-08-03,2.766855,2.755641,2.766855,1.6074916860295385,1.5967277545706926,1.6072406842936982
2025-08-03,2025-08-04,2.755641,2.774695,2.755641,1.5592991742714002,1.5467379407118065,1.5580900960095345
2025-08-04,2025-08-05,2.774695,2.742238,2.774695,1.6712838606551594,1.6715571055540446,1.670219684114449
2025-08-05,2025-08-06,2.742238,2.743107,2.742238,1.6778799745326367,1.6791055617520367,1.6780492788228907
2025-08-06,2025-08-07,2.743107,2.748482,2.743107,1.6524859696761096,1.6483661838910812,1.6522404037772276
2025-08-07,2025-08-08,2.748482,2.749914,2.748482,1.703099263704333,1.7009915676962528,1.70189139385164
2025-08-08,2025-08-09,2.749914,2.739335,2.749914,1.6870696402286889,1.685318852251383,1.6858231695177306
2025-08-09,2025-08-10,2.739335,2.732281,2.739335,1.6894537583769687,1.6880011808110718,1.689296172029331
2025-08-10,2025-08-11,2.732281,2.769522,2.732281,1.688570905223452,1.688846133780042,1.6870527432255367
2025-08-11,2025-08-12,2.769522,2.788538,2.769522,1.7391130468222604,1.7372397540200701,1.7385990486546543
2025-08-12,2025-08-13,2.788538,2.823594,2.788538,1.7909719911431754,1.789327508057359,1.791206854934746
2025-08-13,2025-08-14,2.823594,2.791963,2.823594,1.7591561489841645,1.7577205204359903,1.7585465171432446
2025-08-14,2025-08-15,2.791963,2.810924,2.791963,1.9962763152805652,2.00847772692343,1.9955473618560982
2025-08-15,2025-08-16,2.810924,2.845781,2.810924,2.0391468237142885,2.0532304046837258,2.039296747435637
2025-08-16,2025-08-17,2.845781,2.82452,2.845781,1.9895103466770259,1.9969705240226565,1.9891990188091624
2025-08-17,2025-08-18,2.82452,2.813089,2.82452,2.0001067296548714,2.0158486148939447,1.9995474514648892
2025-08-18,2025-08-19,2.813089,2.814715,2.813089,1.9193278574991979,1.9244147715766768,1.9178250625594195
2025-08-19,2025-08-20,2.814715,2.817774,2.814715,1.9552047175572795,1.9609235144474768,1.953727545137851
2025-08-20,2025-08-21,2.817774,2.845305,2.817774,1.994504851490131,2.0011611586169487,1.993227032051892
2025-08-21,2025-08-22,2.845305,2.883184,2.845305,2.0303162284076137,2.034043207392977,2.0289780293251347
2025-08-22,2025-08-23,2.883184,2.857969,2.883184,2.0361128059119604,2.0378611138454517,2.036340049645924
2025-08-23,2025-08-24,2.857969,2.832018,2.857969,2.021597207541115,2.0304669891985982,2.0221466332678073
2025-08-24,2025-08-25,2.832018,2.834343,2.832018,2.048923833854288,2.0578353794289406,2.0496786874400152
2025-08-25,2025-08-26,2.834343,2.864646,2.834343,2.053313277114066,2.0629734057789673,2.052691759748959
2025-08-26,2025-08-27,2.864646,2.849243,2.864646,2.059080513660927,2.0698363818248744,2.060238202918585
2025-08-27,2025-08-28,2.849243,2.841292,2.849243,2.0797451717531557,2.090500358393954,2.0809259097861466
2025-08-28,2025-08-29,2.841292,2.847305,2.841292,2.075052442310965,2.0848265095124052,2.076256458082093
2025-08-29,2025-08-30,2.847305,2.806996,2.847305,2.082160889241713,2.0897636777293727,2.082398761025006
2025-08-30,2025-08-31,2.806996,2.83605,2.806996,2.12211672883329,2.12882790361526,2.123220083935262
2025-08-31,2025-09-01,2.83605,2.760355,2.83605,1.9521218537690288,1.9588031985837029,1.9538854209690149
2025-09-01,2025-09-02,2.760355,2.739174,2.760355,1.908554864931733,1.9141454445629202,1.910076017141793
2025-09-02,2025-09-03,2.739174,2.746832,2.739174,1.9406356821517257,1.9436917609574111,1.9445406611340754
2025-09-03,2025-09-04,2.746832,2.767022,2.746832,1.9559634277132254,1.9590184552037648,1.9576584564799049
2025-09-04,2025-09-05,2.767022,2.771221,2.767022,1.904493929827411,1.9045891637085255,1.9054231569820335
2025-09-05,2025-09-06,2.771221,2.832861,2.771221,1.8531975191775407,1.853292815798424,1.8542514583791858
2025-09-06,2025-09-07,2.832861,2.814512,2.832861,1.8216687865796555,1.8151179546875174,1.8224968712473588
2025-09-07,2025-09-08,2.814512,2.813583,2.814512,1.898093510322263,1.8915959511494274,1.8996316597357454
2025-09-08,2025-09-09,2.813583,2.82082,2.813583,1.8761698236327673,1.8697052612653753,1.8763918394309353
2025-09-09,2025-09-10,2.82082,2.857556,2.82082,1.907148521057489,1.8986230385863223,1.9085807657162501
2025-09-10,2025-09-11,2.857556,2.856537,2.857556,1.9045675854879818,1.8966154980129435,1.9060007557810899
2025-09-11,2025-09-12,2.856537,2.855365,2.856537,1.9021713616830471,1.9023924093582556,1.9033502288695603
2025-09-12,2025-09-13,2.855365,2.819573,2.855365,1.8857188351006693,1.8867910185984327,1.8876802190275432
2025-09-13,2025-09-14,2.819573,2.820886,2.819573,2.02423032647554,2.030325277324474,2.02667787208366
2025-09-14,2025-09-15,2.820886,2.871952,2.820886,2.04473496346409,2.0547959423589113,2.047062889434992
2025-09-15,2025-09-16,2.871952,2.94383,2.871952,2.069986723937456,2.08002190478096,2.0723098867567957
2025-09-16,2025-09-17,2.94383,2.869648,2.94383,2.1400193045726157,2.149540862974564,2.1423633349026527
2025-09-17,2025-09-18,2.869648,2.840636,2.869648,2.1393447939698884,2.1477717668565655,2.143590494299996
2025-09-18,2025-09-19,2.840636,2.807257,2.840636,2.120056448073715,2.128112847535113,2.1224227502845583
2025-09-19,2025-09-20,2.807257,2.805478,2.807257,1.8780719742083507,1.886207758138303,1.8806731566350043
2025-09-20,2025-09-21,2.805478,2.794821,2.805478,2.083028486041294,2.08923845898914,2.0859726740966034
2025-09-21,2025-09-22,2.794821,2.778057,2.794821,2.054766779776429,2.047816467469832,2.0562303625340617
2025-09-22,2025-09-23,2.778057,2.74499,2.778057,1.9622899453038523,1.9551691246834757,1.9623499317152238
2025-09-23,2025-09-24,2.74499,2.726635,2.74499,1.9446289824551322,1.937431976727777,1.9443307984424063
2025-09-24,2025-09-25,2.726635,2.701864,2.726635,1.9036050382658098,1.8853363379958354,1.9032885538657007
2025-09-25,2025-09-26,2.701864,2.698264,2.701864,1.8890579327326629,1.8693287328742647,1.8874594135976253
2025-09-26,2025-09-27,2.698264,2.674087,2.698264,1.9035543313525638,1.8847738477417053,1.9026356458918592
2025-09-27,2025-09-28,2.674087,2.67923,2.674087,1.8714635105421262,1.8513069755558886,1.8700837848753649
2025-09-28,2025-09-29,2.67923,2.660519,2.67923,1.8770792340888187,1.858809753374313,1.8763362528483984
2025-09-29,2025-09-30,2.660519,2.660139,2.660519,1.8918576910005758,1.890187443777136,1.892019635403841
2025-09-30,2025-10-01,2.660139,2.505445,2.660139,1.9698794908843853,1.9522009901804527,1.9679140010498974
2025-10-01,2025-10-02,2.505445,2.507949,2.505445,1.9710521029585149,1.9684433836995696,1.9698782789004055
2025-10-02,2025-10-03,2.507949,2.503899,2.507949,2.0287988932315315,2.0289951358539726,2.0274419078587735
2025-10-03,2025-10-04,2.503899,2.477653,2.503899,2.026721928780928,2.0240492038763547,2.0245330765247926
2025-10-04,2025-10-05,2.477653,2.4498,2.477653,1.9892216723307987,1.9865501654553475,1.9871678901290046
2025-10-05,2025-10-06,2.4498,2.447197,2.4498,1.9713781044982115,1.9667229844352319,1.9689736285660064
2025-10-06,2025-10-07,2.447197,2.461855,2.447197,1.977018307209999,1.9724602499225696,1.976069612214637
2025-10-07,2025-10-08,2.461855,2.454325,2.461855,2.060784090410195,2.057457982084898,2.0606614304427007
2025-10-08,2025-10-09,2.454325,2.420779,2.454325,2.0177279575818163,2.0124645698666566,2.0175915038831427
2025-10-09,2025-10-10,2.420779,2.38761,2.420779,1.9947702400060496,1.9875143508645055,1.9923749583536488
2025-10-10,2025-10-11,2.38761,2.395559,2.38761,2.0025488723510065,1.997294362234947,1.9992651374600934
2025-10-11,2025-10-12,2.395559,2.403344,2.395559,2.009610165865472,2.00153204403144,2.004699087351969
2025-10-12,2025-10-13,2.403344,2.386758,2.403344,1.7792925688789207,1.7631517525013018,1.7730660681039012
2025-10-13,2025-10-14,2.386758,2.403757,2.386758,1.7693969443220992,1.7532082573338048,1.7629772293694002
2025-10-14,2025-10-15,2.403757,2.391581,2.403757,1.8001657438787122,1.7837764007774037,1.7935030605759739
2025-10-15,2025-10-16,2.391581,2.407051,2.391581,1.7709775094178815,1.7546075382558035,1.7642765774776192
2025-10-16,2025-10-17,2.407051,2.400724,2.407051,1.7587124039059265,1.752657876275876,1.7518946865575646
2025-10-17,2025-10-18,2.400724,2.425198,2.400724,1.7914452992097596,1.772621106307537,1.7826330245859667
2025-10-18,2025-10-19,2.425198,2.475578,2.425198,1.837886304746661,1.8360880247867861,1.8290660009856907
2025-10-19,2025-10-20,2.475578,2.486449,2.475578,1.8386006128717547,1.8391207973837975,1.8320346979867619
2025-10-20,2025-10-21,2.486449,2.488334,2.486449,1.8327141420352966,1.826274418390339,1.8245673307091037
2025-10-21,2025-10-22,2.488334,2.508149,2.488334,1.8163736018181442,1.8101161301612656,1.8108291694917789
2025-10-22,2025-10-23,2.508149,2.519983,2.508149,1.830386326073441,1.827774968995377,1.826414286235778
2025-10-23,2025-10-24,2.519983,2.5139,2.519983,1.8434235911094055,1.8397530461365497,1.8391922162921404
2025-10-24,2025-10-25,2.5139,2.516567,2.5139,1.880746458351279,1.8794525197839196,1.8770909583613493
2025-10-25,2025-10-26,2.516567,2.531437,2.516567,1.905597507105905,1.9062041745251612,1.902391368446965
2025-10-26,2025-10-27,2.531437,2.528772,2.531437,2.065262889728059,2.067375092644852,2.06178983683436
2025-10-27,2025-10-28,2.528772,2.527454,2.528772,2.068695267107601,2.069760092283812,2.065597021973864
2025-10-28,2025-10-29,2.527454,2.521698,2.527454,2.0554471981371503,2.0600634964275333,2.052571961940153
2025-10-29,2025-10-30,2.521698,2.517716,2.521698,2.031418567352472,2.0326736753418784,2.0285533701157377
2025-10-30,2025-10-31,2.517716,2.528404,2.517716,2.0299511859455333,2.0318890337294615,2.027390996848877
2025-10-31,2025-11-01,2.528404,2.560004,2.528404,2.1526936596688584,2.154613078856249,2.1505555282080424
2025-11-01,2025-11-02,2.560004,2.531781,2.560004,2.1379195579360966,2.1394479630314933,2.1360023273724993
2025-11-02,2025-11-03,2.531781,2.568665,2.531781,2.1570134362388194,2.1597163334723835,2.1557662195498706
2025-11-03,2025-11-04,2.568665,2.564462,2.568665,2.1683523793061044,2.1726058767038037,2.168113933129723
2025-11-04,2025-11-05,2.564462,2.571504,2.564462,2.1360735252521135,2.1400984425108627,2.1362380656752444
2025-11-05,2025-11-06,2.571504,2.517458,2.571504,2.120027853760398,2.1260868371644204,2.1201736612563638
2025-11-06,2025-11-07,2.517458,2.489042,2.517458,2.132010225693115,2.13995121956585,2.1320293361464238
2025-11-07,2025-11-08,2.489042,2.462636,2.489042,2.0937655544327027,2.1018158039862733,2.0940976123558386
2025-11-08,2025-11-09,2.462636,2.442264,2.462636,2.0923922718994348,2.0926579189154193,2.0926724770250704
2025-11-09,2025-11-10,2.442264,2.493933,2.442264,2.0727016510018625,2.0705824647650806,2.0731484966254543
2025-11-10,2025-11-11,2.493933,2.491776,2.493933,2.095229856038161,2.0925353019530357,2.096266251676382
2025-11-11,2025-11-12,2.491776,2.47582,2.491776,2.0944922876160454,2.0944797044386565,2.095924906351665
2025-11-12,2025-11-13,2.47582,2.476778,2.47582,2.1039009491784055,2.104046920623026,2.1053419486463776
2025-11-13,2025-11-14,2.476778,2.456482,2.476778,2.1035064678145643,2.1031951760221546,2.1046487579189366
2025-11-14,2025-11-15,2.456482,2.461548,2.456482,2.0783974391707094,2.078166914192825,2.079872034271113
2025-11-15,2025-11-16,2.461548,2.453132,2.461548,2.0472876669010764,2.047664092720858,2.048064840405872
2025-11-16,2025-11-17,2.453132,2.484362,2.453132,2.0835481599704275,2.0859928546938633,2.084773134386886
2025-11-17,2025-11-18,2.484362,2.48393,2.484362,2.0927575100301965,2.0948985235760054,2.094080596730352
2025-11-18,2025-11-19,2.48393,2.453726,2.48393,2.080836934270369,2.0800303828898636,2.0820663657689753
2025-11-19,2025-11-20,2.453726,2.43914,2.453726,2.1081509890468197,2.108380032193824,2.1102990622162254
2025-11-20,2025-11-21,2.43914,2.427102,2.43914,1.9395756885144166,1.938377001118452,1.942215307520545
2025-11-21,2025-11-22,2.427102,2.457101,2.427102,1.9094809336528629,1.9061896568373982,1.9117221018017272
2025-11-22,2025-11-23,2.457101,2.42457,2.457101,1.9019799683434035,1.9018519736114348,1.904418004299524
2025-11-23,2025-11-24,2.42457,2.413269,2.42457,1.8969838148202411,1.8948452571291963,1.8982717190203058
2025-11-24,2025-11-25,2.413269,2.429062,2.413269,1.9319969609763454,1.929827328105338,1.9329656578318533
2025-11-25,2025-11-26,2.429062,2.418832,2.429062,1.8867079869777648,1.8728828108098394,1.8870201825217148
2025-11-26,2025-11-27,2.418832,2.43193,2.418832,1.9061927958123892,1.8923458836177076,1.9071863562032831
2025-11-27,2025-11-28,2.43193,2.462537,2.43193,1.9144537812521012,1.9079821236447359,1.9154483910114317
2025-11-28,2025-11-29,2.462537,2.60929,2.462537,1.9720676442565255,1.973853126806091,1.9741983109323291
2025-11-29,2025-11-30,2.60929,2.439218,2.60929,1.8209269221653557,1.8207384450459108,1.8219620402635472
2025-11-30,2025-12-01,2.439218,2.334972,2.439218,1.9076817396425083,1.9128746527920848,1.9082370781950075
2025-12-01,2025-12-02,2.334972,2.378531,2.334972,1.9808842014521266,1.9831135506451991,1.9800847451464376
2025-12-02,2025-12-03,2.378531,2.369913,2.378531,1.9901857769261788,1.9947255251012486,1.989336745390058
2025-12-03,2025-12-04,2.369913,2.371549,2.369913,1.9630699705039945,1.9622898159746827,1.9613537404828962
2025-12-04,2025-12-05,2.371549,2.333499,2.371549,1.91613343286261,1.9136336085812111,1.9144944725902446
2025-12-05,2025-12-06,2.333499,2.229201,2.333499,1.8926021537546411,1.887753168318973,1.8909019588110754
2025-12-06,2025-12-07,2.229201,2.308037,2.229201,1.9195766811021864,1.9181464179332641,1.9175107271175662
2025-12-07,2025-12-08,2.308037,2.278043,2.308037,1.925502764806697,1.9167674757924802,1.9231320731232904
2025-12-08,2025-12-09,2.278043,2.288328,2.278043,1.9854811973297748,1.981844853085013,1.9842116906938712
2025-12-09,2025-12-10,2.288328,2.282803,2.288328,1.9465332670944413,1.942352198804942,1.9459292753804647
2025-12-10,2025-12-11,2.282803,2.295801,2.282803,1.9346276831818443,1.931871374640104,1.9328192112099352
2025-12-11,2025-12-12,2.295801,2.290884,2.295801,2.0853020903927044,2.0830116867820214,2.082781178942339
2025-12-12,2025-12-13,2.290884,2.265391,2.290884,2.1004141738468762,2.102455959498406,2.097664333886917
2025-12-13,2025-12-14,2.265391,2.275025,2.265391,2.0792323855138184,2.076875307559889,2.0759389337287493
2025-12-14,2025-12-15,2.275025,2.221369,2.275025,2.0612985654856475,2.057564762291064,2.0577705859401663
2025-12-15,2025-12-16,2.221369,2.180835,2.221369,1.9992835056547476,1.995725769137291,1.9973643749612746
2025-12-16,2025-12-17,2.180835,2.172822,2.180835,2.0022344426509076,1.9955148764714492,1.9989963406429778
2025-12-17,2025-12-18,2.172822,2.160167,2.172822,2.088977967445471,2.0822681544051758,2.0846394295363613
2025-12-18,2025-12-19,2.160167,2.168681,2.160167,2.021455265445171,2.0141091489533247,2.016932859741427
2025-12-19,2025-12-20,2.168681,2.21485,2.168681,1.9986797564470526,1.9902388758485712,1.9928295175680066
2025-12-20,2025-12-21,2.21485,2.130819,2.21485,1.9387734087681574,1.929443276587417,1.9330601049520668
2025-12-21,2025-12-22,2.130819,2.129225,2.130819,1.915299942285742,1.9067085874543865,1.910392912134462
2025-12-22,2025-12-23,2.129225,2.124609,2.129225,1.8217161223107459,1.8095976427672023,1.8172870383597495
2025-12-23,2025-12-24,2.124609,2.13629,2.124609,1.797833490826517,1.789613251304134,1.7946605742592547
2025-12-24,2025-12-25,2.13629,2.134218,2.13629,1.8257833330098672,1.821352801246423,1.8223990357221886
2025-12-25,2025-12-26,2.134218,2.135847,2.134218,1.8006532081767945,1.796432171564688,1.7989556858717615
2025-12-26,2025-12-27,2.135847,2.312344,2.135847,1.81679941508337,1.8165861249758164,1.8150922436653616
2025-12-27,2025-12-28,2.312344,2.186736,2.312344,1.784782322793066,1.784418639812979,1.781906920297871
2025-12-28,2025-12-29,2.186736,2.1713,2.186736,1.7835288664123317,1.7827695834644608,1.779286168941474
2025-12-29,2025-12-30,2.1713,2.145866,2.1713,1.762416692007851,1.7621694407816246,1.7592884033044376
2025-12-30,2025-12-31,2.145866,2.106887,2.145866,1.6661629553462731,1.666422281083757,1.6628386565638031
2025-12-31,2026-01-01,2.106887,1.904618,2.106887,1.648641776525861,1.6472999971664404,1.646656036765659
2026-01-01,2026-01-02,1.904618,1.89408,1.904618,1.7803086328670892,1.7787267682386032,1.7772699071735953
2026-01-02,2026-01-03,1.89408,1.763264,1.89408,1.7585108863643395,1.75753767665896,1.755600123536838
2026-01-03,2026-01-04,1.763264,1.919837,1.763264,1.7269255018811158,1.7248393849718324,1.723972592236156
2026-01-04,2026-01-05,1.919837,1.944277,1.919837,1.7262748949887996,1.724188512922975,1.723120900337416
2026-01-05,2026-01-06,1.944277,1.929499,1.944277,1.6536285582835264,1.6516121620503643,1.6507185917274958
2026-01-06,2026-01-07,1.929499,1.92747,1.929499,1.6547707338391504,1.6539687380646262,1.6532828990539983
2026-01-07,2026-01-08,1.92747,1.947727,1.92747,1.6006878480874454,1.5995115080252864,1.5990659306672983
2026-01-08,2026-01-09,1.947727,1.884148,1.947727,1.6839922940164787,1.6824526359255465,1.681651573675924
2026-01-09,2026-01-10,1.884148,1.713942,1.884148,1.6675389057052792,1.6678031145962446,1.6660574696237829
2026-01-10,2026-01-11,1.713942,1.801545,1.713942,1.7136108652146431,1.7149390732735137,1.7122796676891427
2026-01-11,2026-01-12,1.801545,1.774287,1.801545,1.6630194395309772,1.6642783436829012,1.6613179126418354
2026-01-12,2026-01-13,1.774287,1.752151,1.774287,1.5913826081100924,1.5915493078430876,1.5896580692358997
2026-01-13,2026-01-14,1.752151,1.753706,1.752151,1.5967795514175487,1.5973955580221189,1.595402333861462
2026-01-14,2026-01-15,1.753706,1.758122,1.753706,1.5616398684103805,1.5606347873374782,1.559863852406207
2026-01-15,2026-01-16,1.758122,1.791856,1.758122,1.6068659317654888,1.6041260861607842,1.6053568184226208
2026-01-16,2026-01-17,1.791856,1.747488,1.791856,1.4186669808752495,1.4138998612103215,1.4176223793407772
2026-01-17,2026-01-18,1.747488,1.740559,1.747488,1.4365996747966348,1.4332776324690988,1.4357119024979381
2026-01-18,2026-01-19,1.740559,1.748694,1.740559,1.4517930521792843,1.4570780565760444,1.4515362114787544
2026-01-19,2026-01-20,1.748694,1.704618,1.748694,1.446451282933503,1.4516317405167234,1.446014885925484
2026-01-20,2026-01-21,1.704618,1.663101,1.704618,1.4309334612723879,1.4384581585540568,1.4305027086026767
2026-01-21,2026-01-22,1.663101,1.674866,1.663101,1.4189227938803395,1.4268006281599632,1.418239607905658
2026-01-22,2026-01-23,1.674866,1.66741,1.674866,1.24311920664133,1.2448800012951011,1.2422850901244509
2026-01-23,2026-01-24,1.66741,1.745449,1.66741,1.2465984099904848,1.2450721629400086,1.246112362909546
2026-01-24,2026-01-25,1.745449,1.716488,1.745449,1.2292107279124886,1.225500204330543,1.2276904287742862
2026-01-25,2026-01-26,1.716488,1.737309,1.716488,1.3345486168320875,1.330817163066289,1.333421604360585
2026-01-26,2026-01-27,1.737309,1.752129,1.737309,1.3422275306540277,1.3404292041307997,1.3412224980351217
2026-01-27,2026-01-28,1.752129,1.723659,1.752129,1.35089312579737,1.3490940459776057,1.349934078591164
2026-01-28,2026-01-29,1.723659,1.692281,1.723659,1.3447186793466903,1.3498578224587776,1.3443382470682774
2026-01-29,2026-01-30,1.692281,1.689848,1.692281,1.35394972558327,1.3644463322425304,1.353982827861544
2026-01-30,2026-01-31,1.689848,1.657864,1.689848,1.2927857489962946,1.2984383156281254,1.2921373229887845
2026-01-31,2026-02-01,1.657864,1.355726,1.657864,1.2620371056456747,1.269792490062449,1.2618311166659124
2026-02-01,2026-02-02,1.355726,1.362038,1.355726,1.370165850676841,1.376543495770477,1.3700384203802818
2026-02-02,2026-02-03,1.362038,1.362753,1.362038,1.380306130556086,1.384125339101816,1.3799122617913717
2026-02-03,2026-02-04,1.362753,1.335946,1.362753,1.39464839732657,1.3985268817279906,1.3952457789069506
2026-02-04,2026-02-05,1.335946,1.330786,1.335946,1.3860598758893117,1.387879356573829,1.3868405546882734
2026-02-05,2026-02-06,1.330786,1.321604,1.330786,1.4416921916726722,1.4394261885964932,1.4422346062779257
2026-02-06,2026-02-07,1.321604,1.388694,1.321604,1.4123005013487955,1.4105989549144438,1.4127955895544941
2026-02-07,2026-02-08,1.388694,1.34916,1.388694,1.2375373636584586,1.234396556929318,1.238639312393186
2026-02-08,2026-02-09,1.34916,1.356192,1.34916,1.0928452852425163,1.0885226132449022,1.093254954106171
2026-02-09,2026-02-10,1.356192,1.335986,1.356192,1.0729957128118528,1.0767817582346906,1.073819231793527
2026-02-10,2026-02-11,1.335986,1.341005,1.335986,1.1591705618515524,1.1630429435959933,1.1611746839878645
2026-02-11,2026-02-12,1.341005,1.339634,1.341005,1.2005524182403304,1.2051278826981981,1.203721013017156
2026-02-12,2026-02-13,1.339634,1.298044,1.339634,1.1616316699681661,1.1666041127821547,1.1638699899169325
2026-02-13,2026-02-14,1.298044,1.37214,1.298044,1.2003712976422554,1.2052608785353192,1.2030343374493935
2026-02-14,2026-02-15,1.37214,1.291229,1.37214,0.842527539216853,0.8478022413407782,0.8468206121547972
2026-02-15,2026-02-16,1.291229,1.293975,1.291229,1.154073240738418,1.1607080930618574,1.1572327562560325
2026-02-16,2026-02-17,1.293975,1.2749,1.293975,1.1781850380266246,1.1795137848191084,1.17974446641389
2026-02-17,2026-02-18,1.2749,1.252613,1.2749,1.2391476704248117,1.2396925822622196,1.2400747511247978
2026-02-18,2026-02-19,1.252613,1.277001,1.252613,1.2166248126892487,1.2093089136297808,1.2174970883460645
2026-02-19,2026-02-20,1.277001,1.316947,1.277001,1.2106471654677486,1.2045788578504135,1.2111718354155254
2026-02-20,2026-02-21,1.316947,1.342384,1.316947,1.219459365144382,1.2153830373498486,1.221528307453057
2026-02-21,2026-02-22,1.342384,1.367744,1.342384,1.215540965176909,1.2108741132867307,1.2178757154795106
2026-02-22,2026-02-23,1.367744,1.366161,1.367744,1.2465130141509961,1.242558718511666,1.2495209586598888
2026-02-23,2026-02-24,1.366161,1.420268,1.366161,1.30216004934407,1.3044819125861418,1.3057048970426033
2026-02-24,2026-02-25,1.420268,1.426415,1.420268,2.0167877188754124,2.020817460028179,2.020445545743632
2026-02-25,2026-02-26,1.426415,1.444611,1.426415,2.0455366971650735,2.0493609209283115,2.04866248285962
2026-02-26,2026-02-27,1.444611,1.490279,1.444611,0.658657105895788,0.668465816475794,0.6621256139013987
2026-02-27,2026-02-28,1.490279,1.511256,1.490279,0.7550280312816682,0.7640448974124192,0.7588958394237455
2026-02-28,2026-03-01,1.511256,1.339038,1.511256,1.235122939546085,1.2441162305824482,1.2374582796354394
2026-03-01,2026-03-02,1.339038,1.351265,1.339038,1.2989114547133473,1.3026604529739805,1.3016646470147553
2026-03-02,2026-03-03,1.351265,1.470345,1.351265,1.3167336680475872,1.3246470961966628,1.319969322387582
2026-03-03,2026-03-04,1.470345,1.522021,1.470345,1.3266874202074286,1.3343016835397181,1.3311194455462694
2026-03-04,2026-03-05,1.522021,1.550876,1.522021,1.4033328350508967,1.4110318676944011,1.4079492915384462
2026-03-05,2026-03-06,1.550876,1.646227,1.550876,1.5699244097412635,1.5766221691782878,1.575067165353894
2026-03-06,2026-03-07,1.646227,1.689727,1.646227,1.5281574260129105,1.5333335615772103,1.5326746233211619
2026-03-07,2026-03-08,1.689727,1.689089,1.689727,1.401216424506413,1.4092798873571066,1.4068520529967765
2026-03-08,2026-03-09,1.689089,1.799707,1.689089,1.4249268149310712,1.4600247468151473,1.4318963656785755
2026-03-09,2026-03-10,1.799707,1.86379,1.799707,1.4888839876900706,1.5280976052274076,1.495041720765511
2026-03-10,2026-03-11,1.86379,1.901195,1.86379,1.5371119786289356,1.5795456403290276,1.5448367302535626
2026-03-11,2026-03-12,1.901195,1.924791,1.901195,1.5490874079076677,1.591736254711451,1.5563457306174477
2026-03-12,2026-03-13,1.924791,1.948989,1.924791,1.6130411097319275,1.6551754867081492,1.6195585438186777
2026-03-13,2026-03-14,1.948989,2.000097,1.948989,2.0099690262051384,2.0531379373424974,2.0178877218614
2026-03-14,2026-03-15,2.000097,1.995959,2.000097,1.7396977871339647,1.7824047922899044,1.7477914046515997
2026-03-15,2026-03-16,1.995959,2.042466,1.995959,1.745648934448396,1.773200056195079,1.753511037995903
2026-03-16,2026-03-17,2.042466,2.060437,2.042466,1.7495616873754338,1.7837518143017705,1.758143954705993
2026-03-17,2026-03-18,2.060437,2.085698,2.060437,1.7610589603650473,1.7799232842121482,1.7704570802344
2026-03-18,2026-03-19,2.085698,2.122367,2.085698,1.6891300002522813,1.7080688710675584,1.7001904695743697
2026-03-19,2026-03-20,2.122367,2.110011,2.122367,1.7585981874118195,1.7839838435184996,1.7703431424279659
2026-03-20,2026-03-21,2.110011,2.136737,2.110011,1.7949824315463436,1.8218393734233063,1.8087969030570639
2026-03-21,2026-03-22,2.136737,2.183383,2.136737,1.8149101393645006,1.8429257416999523,1.8296316377820254
2026-03-22,2026-03-23,2.183383,2.231524,2.183383,1.838228063594527,1.8655500601200137,1.8538190031699653
2026-03-23,2026-03-24,2.231524,2.254381,2.231524,1.8398007957014517,1.8513114413942766,1.8553569435245443
2026-03-24,2026-03-25,2.254381,2.226193,2.254381,1.8283819962448655,1.8432350103314343,1.8426931041952477
2026-03-25,2026-03-26,2.226193,2.237935,2.226193,1.7786953197400202,1.793295351894142,1.794812667313539
2026-03-26,2026-03-27,2.237935,2.223624,2.237935,1.8500517537969774,1.8647995388367589,1.8669630096426637
2026-03-27,2026-03-28,2.223624,2.221634,2.223624,1.8639907027505842,1.87489044683673,1.8809099168920485
2026-03-28,2026-03-29,2.221634,2.233207,2.221634,1.8708245040851557,1.8812097362114644,1.8874075469414775
2026-03-29,2026-03-30,2.233207,2.214386,2.233207,1.8377424161912126,1.8429576313517382,1.8533745847875593
2026-03-30,2026-03-31,2.214386,2.241021,2.214386,1.8502954111861314,1.8539733088370758,1.8658466595737666
2026-03-31,2026-04-01,2.241021,1.78562,2.241021,1.8647260178114689,1.8662445011350837,1.8816955427569892
2026-04-01,2026-04-02,1.78562,1.78184,1.78562,1.8618876700787546,1.8641329822736141,1.8777987394648532
2026-04-02,2026-04-03,1.78184,1.774312,1.78184,1.8804855591662895,1.8839458068963255,1.8962661698587846
2026-04-03,2026-04-04,1.774312,1.791218,1.774312,1.946932044291838,1.9515771795680203,1.9646054806950586
2026-04-04,2026-04-05,1.791218,1.833721,1.791218,1.9818558552240573,1.9842514767957287,1.997888974846962
2026-04-05,2026-04-06,1.833721,1.88722,1.833721,2.0625962354002825,2.06528038343321,2.07802770931802
2026-04-06,2026-04-07,1.88722,1.87467,1.88722,1.8114000140313724,1.818329461756285,1.8262685326933648
2026-04-07,2026-04-08,1.87467,1.895944,1.87467,2.097820554060026,2.1087978140324815,2.112604468175716
2026-04-08,2026-04-09,1.895944,1.865841,1.895944,2.1771762332648104,2.1994573242217097,2.192367090549441
2026-04-09,2026-04-10,1.865841,1.875348,1.865841,2.170013831217754,2.183112143446375,2.184751113967942
2026-04-10,2026-04-11,1.875348,1.869643,1.875348,2.166337424063647,2.1797028137461094,2.1813039634986264
2026-04-11,2026-04-12,1.869643,1.875836,1.869643,2.0045475255657808,2.0155834536159434,2.0185661809897004
2026-04-12,2026-04-13,1.875836,1.867045,1.875836,2.191210423868406,2.1976619172377143,2.203520668227643
2026-04-13,2026-04-14,1.867045,1.925059,1.867045,2.155672540192488,2.1607191341485477,2.1672097328462314
2026-04-14,2026-04-15,1.925059,1.935754,1.925059,2.159264865895638,2.1580084008234746,2.170786678845471
2026-04-15,2026-04-16,1.935754,1.900152,1.935754,2.1159040627850567,2.1138893543571013,2.1255128375692767
2026-04-16,2026-04-17,1.900152,1.869855,1.900152,2.147456908252865,2.1453175932148127,2.1569940954141664
