,nsa_input,our_x13_sa,bls_published_sa,our_seasonal_factor,our_seasonal_pct,bls_seasonal_factor,bls_seasonal_pct,our_minus_bls_level,our_minus_bls_pct
2010-01-31,220.086,220.604614503206,220.633,0.9976491221438233,-0.2350877856176714,0.9975207697851183,-0.24792302148817225,-0.028385496794015808,-0.012865481044999072
2010-02-28,220.602,220.663239265276,220.731,0.9997224763604491,-0.027752363955091397,0.9994155782377646,-0.058442176223538755,-0.06776073472400412,-0.03069833178122039
2010-03-31,221.059,220.80121115329,220.783,1.0011675155465112,0.11675155465111775,1.0012500962483526,0.12500962483525946,0.018211153290025095,0.008248440002178725
2010-04-30,221.166,220.852222777433,220.822,1.0014207564615873,0.1420756461587347,1.001557815797339,0.1557815797339046,0.030222777433010606,0.013686488408315434
2010-05-31,221.193,220.929871327611,220.962,1.0011910054118431,0.11910054118431379,1.0010454286257366,0.10454286257366441,-0.03212867238897843,-0.014540360962056464
2010-06-30,221.265,221.089538837299,221.194,1.0007936203749113,0.07936203749112636,1.0003209851985135,0.03209851985135348,-0.10446116270099992,-0.04722603809370618
2010-07-31,221.258,221.30720743441,221.363,0.9997776510083858,-0.02223489916142185,0.9995256659875409,-0.047433401245911,-0.05579256558999646,-0.02520410619208935
2010-08-31,221.551,221.558500077944,221.509,0.9999661485434259,-0.0033851456574085503,1.0001896085486368,0.018960854863681043,0.04950007794400335,0.022346756991376004
2010-09-30,221.907,221.737771467689,221.711,1.0007631921760145,0.07631921760145044,1.000884033719572,0.08840337195719083,0.02677146768897387,0.012074938856887485
2010-10-31,222.079,221.879861783093,221.83,1.000897504691533,0.08975046915329354,1.0011224811792814,0.1122481179281376,0.04986178309297884,0.022477475135462832
2010-11-30,222.077,222.171722115551,222.149,0.9995736535925948,-0.042634640740524254,0.9996758932068116,-0.03241067931883945,0.022722115551005118,0.010228322230121378
2010-12-31,221.795,222.445929977696,222.343,0.9970737609010815,-0.2926239098918537,0.9975353395429584,-0.24646604570416342,0.10292997769602152,0.046293329538604766
2011-01-31,222.177,222.707296919629,222.803,0.9976188614968445,-0.23811385031554666,0.997190343038469,-0.2809656961531015,-0.09570308037100972,-0.04295412555980205
2011-02-28,223.011,223.069746637345,223.213,0.9997366445327949,-0.02633554672051286,0.9990950347874004,-0.09049652125996399,-0.14325336265500255,-0.06417787613400838
2011-03-31,223.69,223.431922694531,223.454,1.0011550601290837,0.11550601290837292,1.0010561457839198,0.10561457839197708,-0.02207730546899711,-0.009880022496355778
2011-04-30,224.118,223.797952058359,223.727,1.0014300753813759,0.14300753813758504,1.0017476656818354,0.17476656818353753,0.07095205835898355,0.03171367709708939
2011-05-31,224.534,224.254582268005,224.175,1.0012459844930217,0.12459844930217123,1.0016014274562284,0.1601427456228377,0.07958226800499801,0.035500063791671366
2011-06-30,224.891,224.706360447275,224.697,1.0008216925963176,0.08216925963175914,1.0008633849139061,0.086338491390614,0.009360447274985972,0.004165808744649446
2011-07-31,225.164,225.211486008411,225.218,0.9997891492603125,-0.02108507396875181,0.9997602323082524,-0.023976769174760548,-0.006513991589002899,-0.0028923050506612924
2011-08-31,225.874,225.889211326441,225.862,0.9999326602348484,-0.006733976515160833,1.0000531297872153,0.005312978721527806,0.027211326441005212,0.01204776653045414
2011-09-30,226.289,226.123103169856,226.118,1.0007336571443537,0.07336571443536943,1.0007562423159588,0.07562423159588327,0.0051031698559995675,0.0022568613980311625
2011-10-31,226.743,226.540008820294,226.506,1.0008960500211996,0.08960500211996347,1.0010463298985457,0.10463298985456948,0.03400882029399099,0.015014533961132948
2011-11-30,226.859,226.95633086432,226.899,0.9995711471720162,-0.04288528279837722,0.9998237101089031,-0.01762898910968591,0.05733086431999368,0.025267129568651292
2011-12-31,226.74,227.418793563093,227.405,0.9970152266114072,-0.29847733885928207,0.9970757019414701,-0.2924298058529895,0.013793563093003058,0.0060656375598711065
2012-01-31,227.237,227.793199309752,227.877,0.9975583146843832,-0.24416853156168372,0.9971914673266717,-0.2808532673328257,-0.08380069024801173,-0.03677452759515143
2012-02-29,227.865,227.915204716206,228.034,0.9997797219528706,-0.022027804712942967,0.9992588824473544,-0.07411175526456093,-0.11879528379398607,-0.05209542603031858
2012-03-31,228.735,228.475730341665,228.478,1.0011347798645716,0.11347798645715557,1.0011248347762147,0.11248347762147226,-0.0022696583349954835,-0.0009933815662721557
2012-04-30,229.303,228.964065290972,228.905,1.0014802965198808,0.1480296519880797,1.0017387125663484,0.17387125663483882,0.05906529097200064,0.025803407951774382
2012-05-31,229.602,229.28932327734,229.224,1.0013636776374528,0.13636776374528203,1.0016490419851325,0.16490419851324933,0.06532327734001342,0.028497573264596454
2012-06-30,229.879,229.673252576061,229.623,1.000895826665192,0.08958266651919455,1.0011148708970792,0.11148708970791787,0.05025257606101263,0.02188481818503618
2012-07-31,229.893,229.934714428285,229.97,0.9998185814247809,-0.018141857521913884,0.9996651737183111,-0.03348262816889047,-0.03528557171500779,-0.015343554252733593
2012-08-31,230.196,230.234830568696,230.233,0.9998313436390137,-0.016865636098628567,0.99983929323772,-0.016070676227997183,0.0018305686959934064,0.0007950939682865865
2012-09-30,230.78,230.628302756071,230.659,1.0006577564076748,0.06577564076748477,1.0005245839095809,0.0524583909580878,-0.030697243928983653,-0.013308496060848718
2012-10-31,231.276,231.067634730882,231.024,1.0009017501276658,0.09017501276658013,1.0010907957614794,0.10907957614794128,0.043634730881990436,0.01888753154737355
2012-11-30,231.263,231.368134614306,231.33,0.9995455959634145,-0.04544040365854762,0.9997103704664332,-0.02896295335668153,0.038134614305988634,0.016484941125649577
2012-12-31,231.033,231.751507289034,231.725,0.9968996650876668,-0.31003349123331914,0.9970137015859316,-0.2986298414068389,0.026507289034015002,0.011439114913813775
2013-01-31,231.612,232.192811616814,232.229,0.9974985805427409,-0.2501419457259124,0.997343139745682,-0.2656860254317994,-0.03618838318601547,-0.015583059474055805
2013-02-28,232.432,232.464766931389,232.569,0.9998590456015269,-0.01409543984730588,0.9994109275096853,-0.058907249031470155,-0.1042330686109949,-0.04481812649621553
2013-03-31,233.052,232.795310720064,232.794,1.0011026393922713,0.11026393922712874,1.0011082759864944,0.11082759864944336,0.0013107200639979055,0.0005630385937704929
2013-04-30,233.236,232.869069083917,232.832,1.001575696237918,0.15756962379180894,1.0017351566794943,0.17351566794943096,0.03706908391700381,0.0159209575646857
2013-05-31,233.462,233.101699632701,232.996,1.0015456788511912,0.1545678851191168,1.0020000343353532,0.2000034335353229,0.10569963270100402,0.045365428033528055
2013-06-30,233.64,233.402539923699,233.35,1.0010173842854435,0.10173842854435122,1.0012427683736875,0.12427683736875306,0.05253992369901539,0.022515501906594793
2013-07-31,233.792,233.827447231572,233.88,0.9998484043169795,-0.015159568302047788,0.9996237386694031,-0.037626133059687206,-0.05255276842800072,-0.02246997110826321
2013-08-31,234.258,234.329183898286,234.336,0.9996962226509657,-0.030377734903430653,0.9996671446128635,-0.03328553871364548,-0.006816101714008482,-0.0029086874035577637
2013-09-30,234.782,234.660740047639,234.7,1.000516745802201,0.05167458022010685,1.00034938219003,0.03493821900300009,-0.03925995236099311,-0.01672771723945088
2013-10-31,235.162,234.959879558908,234.921,1.0008602338470358,0.08602338470358184,1.0010258767841105,0.10258767841104799,0.03887955890800754,0.016550056788444678
2013-11-30,235.243,235.372415273834,235.359,0.9994501680509865,-0.054983194901347954,0.9995071359072735,-0.04928640927265304,0.013415273833999208,0.005699919626622751
2013-12-31,235.0,235.766812904121,235.759,0.9967475791241542,-0.3252420875845763,0.996780610708393,-0.3219389291607033,0.007812904121010433,0.003313936740911849
2014-01-31,235.367,235.947311147847,235.961,0.997540505356794,-0.24594946432060505,0.9974826348421985,-0.2517365157801543,-0.013688852153023845,-0.005801319774467739
2014-02-28,236.075,236.075889897679,236.185,0.9999962304592841,-0.0003769540715903297,0.9995342633952198,-0.04657366047802203,-0.10911010232101148,-0.04619688054745552
2014-03-31,236.913,236.643678877064,236.625,1.0011380871199012,0.11380871199011544,1.0012171156893819,0.12171156893818758,0.01867887706399074,0.007893873032860377
2014-04-30,237.509,237.111322673419,237.072,1.0016771756072091,0.1677175607209147,1.0018433218600256,0.18433218600255596,0.03932267341900797,0.016586806294704992
2014-05-31,238.029,237.625550309769,237.529,1.001697838004815,0.16978380048149333,1.0021050061255679,0.21050061255678543,0.09655030976901458,0.04064779869785706
2014-06-30,238.157,237.895823445181,237.837,1.0010978610344505,0.10978610344505313,1.0013454592851407,0.13454592851407376,0.05882344518101945,0.024732672032112824
2014-07-31,238.138,238.163715054685,238.195,0.9998920278234696,-0.010797217653035762,0.9997607002665884,-0.023929973341163535,-0.031284945314979495,-0.013134173813467154
2014-08-31,238.296,238.395870707373,238.405,0.9995810719914038,-0.04189280085962199,0.999542794823934,-0.04572051760659557,-0.009129292626994356,-0.003829320956771909
2014-09-30,238.841,238.76440649425,238.786,1.0003207911383216,0.03207911383216189,1.0002303317614936,0.023033176149356294,-0.021593505749990527,-0.009043036756761769
2014-10-31,239.413,239.229589240411,239.191,1.0007666725515492,0.07666725515491635,1.0009281285667104,0.09281285667104289,0.03858924041099954,0.016133232609494286
2014-11-30,239.248,239.417675473079,239.458,0.9992912993046829,-0.07087006953171437,0.9991230194856717,-0.08769805143282738,-0.04032452692101174,-0.016839916361532925
2014-12-31,238.775,239.583972021701,239.584,0.9966234301281736,-0.33765698718264403,0.9966233137438226,-0.3376686256177375,-2.797829901624027e-05,-1.1677866229575784e-05
2015-01-31,239.248,239.804567825137,239.811,0.9976790774663522,-0.23209225336477957,0.9976523178669868,-0.23476821330131736,-0.006432174862993634,-0.0026821850803271374
2015-02-28,240.083,240.039898044458,240.172,1.000179561630767,0.017956163076693343,0.9996294322402278,-0.03705677597721779,-0.132101955541998,-0.055003062614289444
2015-03-31,241.067,240.773843543129,240.755,1.0012175594016237,0.12175594016237135,1.0012959232414695,0.12959232414695432,0.018843543129008822,0.007826854324521904
2015-04-30,241.802,241.38010179644,241.346,1.0017478582551755,0.17478582551755384,1.001889403594839,0.1889403594838912,0.0341017964399839,0.01412983701407633
2015-05-31,242.119,241.68543829198,241.688,1.0017939091038501,0.1793909103850133,1.0017832908543247,0.1783290854324715,-0.002561708019982234,-0.001059923546053998
2015-06-30,242.354,242.078301772449,242.064,1.0011388803768548,0.11388803768548339,1.0011980302729857,0.11980302729857062,0.014301772449016426,0.005908260810794097
2015-07-31,242.436,242.448900531261,242.565,0.9999467907207139,-0.005320927928609276,0.9994681837857894,-0.0531816214210612,-0.11609946873900867,-0.04786324026095912
2015-08-31,242.651,242.772979545627,242.817,0.9994975571587279,-0.05024428412720994,0.9993163575861658,-0.0683642413834229,-0.04402045437299762,-0.018129066075689426
2015-09-30,243.359,243.332520855305,243.316,1.0001088187661966,0.010881876619661668,1.0001767249173914,0.017672491739140206,0.01652085530500358,0.00678987625351013
2015-10-31,243.985,243.826898359144,243.768,1.0006484175532724,0.06484175532723846,1.0008901906730991,0.08901906730991449,0.05889835914399555,0.024161645147846578
2015-11-30,244.075,244.29389729339,244.241,0.9991039592236431,-0.08960407763568545,0.999320343431283,-0.06796565687170464,0.052897293389975175,0.021657827060139745
2015-12-31,243.779,244.623379370896,244.547,0.9965482474607803,-0.3451752539219699,0.9968594994009331,-0.31405005990668977,0.07637937089600655,0.031233002611363858
2016-01-31,244.528,245.037603332413,244.955,0.9979203055960285,-0.20796944039714882,0.998256822681717,-0.17431773182829957,0.08260333241298667,0.033721839690148414
2016-02-29,245.68,245.590616407893,245.51,1.000363953612782,0.036395361278196425,1.0006924361533136,0.06924361533136025,0.08061640789301805,0.03283630316199826
2016-03-31,246.358,246.031930257976,245.913,1.0013253147332628,0.13253147332628057,1.001809583063929,0.18095830639290877,0.11893025797598966,0.04836273721844364
2016-04-30,246.992,246.558974202939,246.551,1.0017562767628347,0.1756276762834741,1.0017886765821271,0.17886765821271133,0.00797420293901041,0.003234301600474332
2016-05-31,247.544,247.118997784232,247.137,1.0017198281782411,0.1719828178241123,1.0016468598388748,0.16468598388748035,-0.01800221576800709,-0.007284306181598588
2016-06-30,247.794,247.520038747695,247.54,1.0011068245370802,0.11068245370802199,1.0010260967924376,0.10260967924375919,-0.019961252304995014,-0.008063849198103323
2016-07-31,247.744,247.735735906101,247.829,1.0000333585054606,0.003335850546060115,0.9996570215753604,-0.034297842463959505,-0.09326409389899482,-0.037632437648138506
2016-08-31,248.278,248.394327465387,248.423,0.9995316822788427,-0.04683177211572964,0.9994163181347943,-0.058368186520574294,-0.028672534613008338,-0.011541819643512419
2016-09-30,248.731,248.742158267233,248.842,0.9999551412301367,-0.00448587698632652,0.999553933821461,-0.04460661785390396,-0.09984173276700403,-0.040122540715392674
2016-10-31,249.218,249.078559821573,249.142,1.0005598240913505,0.05598240913504693,1.000305046921033,0.030504692103305864,-0.0634401784269869,-0.025463461972285995
2016-11-30,249.227,249.489560030547,249.481,0.9989476111524873,-0.10523888475126864,0.9989818863961585,-0.10181136038415195,0.008560030547016595,0.0034311352556049
2016-12-31,249.134,250.005987039853,249.92,0.9965121353685261,-0.34878646314738804,0.9968549935979514,-0.31450064020486224,0.08598703985302336,0.03440582580547247
2017-01-31,250.083,250.543112114886,250.467,0.99816354115265,-0.18364588473499532,0.998466863898238,-0.15331361017619782,0.07611211488597291,0.03038808101905044
2017-02-28,251.143,251.000078135861,250.998,1.0005694096400306,0.05694096400306048,1.0005776938461661,0.05776938461661274,0.0020781358610122425,0.0008279491713114595
2017-03-31,251.29,250.953100365016,250.944,1.0013424804654494,0.13424804654493805,1.0013787936750829,0.13787936750828678,0.009100365016024625,0.0036264525216989085
2017-04-30,251.642,251.237230177059,251.227,1.001611106055642,0.16111060556420753,1.0016518925115532,0.16518925115531768,0.0102301770589861,0.00407208503026002
2017-05-31,251.835,251.454523381581,251.43,1.0015131030983349,0.1513103098334856,1.0016107863023505,0.16107863023504532,0.0245233815809911,0.00975356225629831
2017-06-30,252.014,251.750690845668,251.746,1.0010459123406872,0.10459123406871829,1.0010645650774987,0.1064565077498747,0.004690845667994381,0.0018633248067390085
2017-07-31,251.936,251.889201250714,251.985,1.0001857910107048,0.018579101070481663,0.9998055439807925,-0.019445601920753397,-0.09579874928601839,-0.03801763965554095
2017-08-31,252.46,252.535595623449,252.535,0.9997006535919724,-0.029934640802764534,0.9997030114637575,-0.02969885362424929,0.0005956234490156476,0.00023585778170520655
2017-09-30,252.941,252.943089367811,252.812,0.9999917397711231,-0.0008260228876899589,1.000510260588896,0.051026058889602766,0.13108936781100056,0.05185251009089953
2017-10-31,253.638,253.509017561327,253.526,1.0005087883654544,0.050878836545442674,1.0004417692859904,0.04417692859903788,-0.016982438673011302,-0.0066984998276398144
2017-11-30,253.492,253.780641932065,253.816,0.9988626321934267,-0.11373678065732529,0.998723484729095,-0.12765152709049987,-0.03535806793499319,-0.013930590638489004
2017-12-31,253.558,254.442045936056,254.344,0.9965255509056936,-0.34744490943063866,0.9969096971031359,-0.3090302896864072,0.09804593605599621,0.03854855473530705
2018-01-31,254.638,255.07676653917,255.204,0.9982798647437668,-0.17201352562331573,0.9977821664237237,-0.22178335762762513,-0.12723346083001275,-0.04985559036301268
2018-02-28,255.783,255.625162502908,255.711,1.0006174568088155,0.06174568088155308,1.0002815678637211,0.028156786372113274,-0.08583749709200106,-0.03356816761578285
2018-03-31,256.61,256.296751373441,256.271,1.001222210679146,0.1222210679145963,1.0013228184226854,0.13228184226854456,0.02575137344098266,0.010048492978520507
2018-04-30,257.025,256.682049668332,256.63,1.0013360900464645,0.1336090046464511,1.0015391809219498,0.15391809219498231,0.05204966833201752,0.020281988984915955
2018-05-31,257.469,257.139909779713,257.145,1.001279809970257,0.12798099702568955,1.0012599895000875,0.12599895000875438,-0.005090220287002012,-0.0019795136156686155
2018-06-30,257.697,257.424353150598,257.399,1.0010591338622983,0.10591338622982782,1.0011577356555388,0.1157735655538783,0.02535315059799359,0.009849747123324981
2018-07-31,257.867,257.749782715072,257.699,1.00045477161491,0.045477161490992124,1.0006519233679603,0.0651923367960272,0.05078271507198906,0.01970621347850976
2018-08-31,258.012,257.999216622327,257.891,1.000049548125922,0.00495481259219499,1.0004691904719436,0.04691904719436035,0.10821662232700646,0.04196215545599902
2018-09-30,258.429,258.389063184932,258.368,1.0001545607796851,0.015456077968512005,1.0002360973495168,0.023609734951679506,0.021063184932017975,0.008152396942362472
2018-10-31,259.063,258.946757907085,258.917,1.0004489034497073,0.04489034497072719,1.0005638872688931,0.05638872688931151,0.029757907085013358,0.011493222571323791
2018-11-30,259.105,259.418494504967,259.439,0.9987915491315869,-0.12084508684131468,0.9987126068170167,-0.12873931829833207,-0.020505495033035004,-0.00790378279018622
2018-12-31,259.083,259.989217705221,260.063,0.9965144027386226,-0.34855972613774266,0.9962316823231295,-0.37683176768704696,-0.07378229477899367,-0.02837093118935874
2019-01-31,260.122,260.584822116448,260.766,0.9982239099242659,-0.17760900757340936,0.9975303528834281,-0.2469647116571938,-0.18117788355203857,-0.06947910523306122
2019-02-28,261.114,260.962852245161,261.186,1.000579192607448,0.0579192607448098,0.9997243343823942,-0.027566561760583586,-0.2231477548389762,-0.08543633840978337
2019-03-31,261.836,261.584840368658,261.567,1.00096014597401,0.09601459740100626,1.0010284171933004,0.10284171933003794,0.01784036865797134,0.006820573183152767
2019-04-30,262.332,262.071545403107,261.997,1.0009938301256338,0.099383012563381,1.0012786405951213,0.12786405951212831,0.07454540310698121,0.028452769729025995
2019-05-31,262.59,262.291987519152,262.217,1.0011361859874817,0.11361859874816638,1.0014224859562881,0.1422485956288133,0.07498751915198909,0.02859750479640155
2019-06-30,263.177,262.854254743545,262.739,1.0012278487056254,0.12278487056254228,1.001667053615946,0.16670536159459903,0.1152547435450515,0.043866629447864014
2019-07-31,263.566,263.358328240029,263.28,1.0007885520893105,0.07885520893105014,1.0010862959586753,0.10862959586752652,0.07832824002900907,0.02975092678099145
2019-08-31,264.169,264.047403935468,263.877,1.0004605084644638,0.046050846446377136,1.0011065761699578,0.11065761699577958,0.17040393546801624,0.06457703227944478
2019-09-30,264.522,264.403918594341,264.388,1.0004465947641272,0.04465947641272283,1.0005068308697824,0.05068308697824264,0.015918594341030712,0.006020921653404621
2019-10-31,265.059,264.957835501526,264.97,1.0003818135752902,0.0381813575290213,1.0003358870815564,0.033588708155640745,-0.012164498474021457,-0.004590896506784237
2019-11-30,265.108,265.462858276561,265.548,0.9986632469835335,-0.13367530164665187,0.9983430490909365,-0.16569509090634815,-0.08514172343899418,-0.03206264910260437
2019-12-31,264.935,265.889787978909,266.02,0.9964090836802475,-0.3590916319752502,0.9959213592962936,-0.40786407037064487,-0.1302120210909834,-0.04894820731184968
2020-01-31,266.004,266.537275366951,266.716,0.9979992465736104,-0.2000753426389612,0.9973304938586361,-0.2669506141363853,-0.17872463304900066,-0.06700934066534714
2020-02-29,267.268,267.164928062091,267.37,1.0003857989095224,0.03857989095223946,0.999618506189924,-0.03814938100760168,-0.20507193790899692,-0.07669968130642468
2020-03-31,267.312,267.132554090327,267.054,1.000671748564244,0.06717485642440124,1.000966096744479,0.09660967444788948,0.07855409032703164,0.029415058500159574
2020-04-30,266.089,265.873778376333,265.746,1.000809487964482,0.08094879644819919,1.0012907061630278,0.12907061630278438,0.12777837633302624,0.04808289732791682
2020-05-31,265.799,265.485140923515,265.412,1.001182209578258,0.11822095782580977,1.0014581104094766,0.14581104094766317,0.07314092351504087,0.02755750437624105
2020-06-30,266.302,265.893984419051,265.849,1.0015345047457185,0.1534504745718479,1.0017039748127698,0.17039748127698484,0.04498441905099071,0.01692104128696581
2020-07-31,267.703,267.40855750647,267.389,1.0011010960018467,0.11010960018467131,1.0011743190632374,0.11743190632373945,0.01955750646999377,0.007314252444934333
2020-08-31,268.756,268.528974804627,268.422,1.0008454402193958,0.084544021939581,1.00124430933381,0.12443093338099231,0.1069748046269865,0.039853217928098594
2020-09-30,269.054,268.873277354789,268.933,1.000672148035643,0.06721480356430831,1.0004499261897943,0.04499261897943363,-0.05972264521096804,-0.022207258020012777
2020-10-31,269.328,269.261828339549,269.306,1.00024575210255,0.024575210255006752,1.0000816914587867,0.008169145878667017,-0.04417166045095655,-0.01640203354212888
2020-11-30,269.473,269.899623667846,269.981,0.9984193247028346,-0.15806752971654348,0.9981183861086521,-0.18816138913478886,-0.08137633215397955,-0.030141503348002363
2020-12-31,269.226,270.260753204052,270.341,0.9961712783236761,-0.3828721676323865,0.9958755793608812,-0.41244206391187754,-0.0802467959480282,-0.029683546316694454
2021-01-31,269.755,270.356860966086,270.387,0.9977738276589863,-0.22261723410137435,0.9976626095189487,-0.23373904810513046,-0.030139033913997082,-0.01114662831940283
2021-02-28,270.696,270.620869598571,270.793,1.0002776223487142,0.027762234871420155,0.999641792808529,-0.03582071914709495,-0.17213040142900127,-0.06356530686871809
2021-03-31,271.713,271.584204990862,271.459,1.0004742360077323,0.047423600773233154,1.0009356845785184,0.09356845785184476,0.12520499086201653,0.046122983898855274
2021-04-30,273.968,273.74047433675,273.66,1.0008311728976187,0.08311728976186927,1.0011254841774464,0.11254841774464008,0.08047433675000093,0.029406685942401367
2021-05-31,275.893,275.510706337304,275.465,1.0013875818757763,0.1387581875776256,1.001553736409344,0.15537364093440864,0.04570633730401141,0.016592430001627356
2021-06-30,278.218,277.712627086793,277.651,1.0018197693007638,0.18197693007637739,1.002042132029058,0.2042132029058008,0.06162708679300977,0.02219588144578566
2021-07-31,279.146,278.795440007387,278.648,1.0012574093486024,0.12574093486024118,1.00178720105653,0.17872010565300744,0.14744000738699015,0.052912637947155616
2021-08-31,279.507,279.213194697665,278.997,1.0010522615260111,0.10522615260111223,1.00182797664491,0.18279766449100787,0.21619469766500288,0.07748997217353892
2021-09-30,279.884,279.642024595364,279.698,1.0008653041508555,0.0865304150855506,1.0006650029674864,0.06650029674863944,-0.05597540463600126,-0.020012801176982897
2021-10-31,281.617,281.595363735158,281.668,1.0000768345918591,0.0076834591859142876,0.9998189357683515,-0.018106423164854224,-0.07263626484200358,-0.025787900947926712
2021-11-30,282.754,283.287982570473,283.406,0.9981150539262987,-0.18849460737012658,0.9976994135621688,-0.23005864378311536,-0.11801742952701488,-0.041642530337049344
2021-12-31,283.908,285.079057486916,285.18,0.9958921658530819,-0.41078341469180657,0.9955396591626342,-0.4460340837365795,-0.10094251308402136,-0.035396070230742094
2022-01-31,285.996,286.674527072731,286.757,0.9976331099952984,-0.23668900047015828,0.9973461850974866,-0.2653814902513374,-0.08247292726900923,-0.028760562869956097
2022-02-28,288.059,288.007556799391,288.273,1.0001786175376115,0.01786175376115029,0.9992576481321526,-0.0742351867847435,-0.2654432006090133,-0.09208049335491797
2022-03-31,289.305,289.180385921926,289.056,1.0004309216120475,0.04309216120474968,1.000861424775822,0.08614247758220728,0.12438592192603437,0.043031773056445566
2022-04-30,290.846,290.536319355403,290.514,1.0010658930535228,0.10658930535227817,1.0011428020680586,0.11428020680586126,0.022319355402999008,0.0076827125037093325
2022-05-31,292.506,292.009515780927,292.063,1.0017002330137947,0.17002330137947386,1.0015167960337323,0.15167960337323372,-0.05348421907297052,-0.018312562383104858
2022-06-30,294.68,294.082089554287,294.05,1.0020331413130912,0.20331413130911802,1.0021424927733378,0.21424927733377785,0.03208955428698346,0.0109129584380252
2022-07-31,295.646,295.275117017161,295.088,1.0012560590495592,0.12560590495591661,1.001890961340346,0.18909613403459424,0.18711701716097195,0.06341058164376356
2022-08-31,297.178,296.850730009662,296.535,1.0011024732542424,0.11024732542423976,1.0021683781003927,0.21683781003927205,0.3157300096619906,0.10647310086904227
2022-09-30,298.442,298.177263115594,298.226,1.0008878506752656,0.08878506752656445,1.0007242829263714,0.0724282926371389,-0.04873688440602564,-0.016342265398061606
2022-10-31,299.315,299.360047276964,299.399,0.999849521412848,-0.015047858715200313,0.9997194379406745,-0.028056205932547318,-0.0389527230360045,-0.013010304989669041
2022-11-30,299.6,300.271764672292,300.325,0.997762811055428,-0.22371889445720328,0.9975859485557313,-0.241405144426865,-0.05323532770796646,-0.01772590617097336
2022-12-31,300.113,301.428870568178,301.394,0.995634556949712,-0.4365443050287965,0.9957497494973357,-0.42502505026642545,0.03487056817800749,0.011569761899044018
2023-01-31,301.962,302.643873595067,302.642,0.9977469440006594,-0.22530559993405586,0.997753120849056,-0.22468791509440145,0.0018735950670247803,0.00061907966080188
2023-02-28,304.011,303.952061655611,304.123,1.0001939067103807,0.019390671038066465,0.9996317279521774,-0.036827204782263756,-0.17093834438901467,-0.056206976910333495
2023-03-31,305.476,305.303272112606,305.147,1.0005657583890233,0.056575838902328535,1.0010781688825385,0.10781688825385327,0.15627211260601825,0.05121207569007691
2023-04-30,306.899,306.468762667658,306.534,1.0014038537846306,0.14038537846305932,1.0011907325125435,0.11907325125435353,-0.0652373323420079,-0.02128225004143225
2023-05-31,308.096,307.507212112068,307.652,1.0019147124514187,0.19147124514187208,1.0014431890577666,0.14431890577666362,-0.14478788793201147,-0.047062228729866096
2023-06-30,308.91,308.267999890145,308.322,1.0020826038060513,0.20826038060512975,1.0019070971257322,0.19070971257322267,-0.05400010985499648,-0.017514192907086557
2023-07-31,309.402,309.061622381211,308.96,1.001101326059724,0.11013260597239061,1.0014306059036768,0.14306059036768293,0.10162238121102973,0.032891759843023394
2023-08-31,310.103,309.79291568911,309.58,1.0010009406128615,0.10009406128614895,1.0016893856192262,0.1689385619226158,0.21291568910999104,0.06877566028489213
2023-09-30,310.817,310.551228540545,310.539,1.000855805532324,0.08558055323240055,1.0008952176699224,0.0895217669922399,0.012228540545038413,0.003937843731405266
2023-10-31,311.38,311.476596603648,311.457,0.9996898752435937,-0.031012475640634918,0.9997527748613774,-0.024722513862263096,0.019596603647983102,0.00629191305636656
2023-11-30,311.606,312.390982842938,312.392,0.9974871782924264,-0.2512821707573609,0.9974839304463623,-0.2516069553637701,-0.001017157061994567,-0.0003256027881648471
2023-12-31,311.907,313.324116651521,313.195,0.9954771542431342,-0.452284575686579,0.9958875460974792,-0.4112453902520796,0.1291166515210307,0.04122564265744977
2024-01-31,313.623,314.269942465499,314.319,0.9979414433960064,-0.20585566039935665,0.997785689061113,-0.22143109388870208,-0.04905753450100292,-0.01560756254028739
2024-02-29,315.419,315.349810294611,315.564,1.0002194062058396,0.02194062058396007,0.9995405052540847,-0.045949474591533424,-0.2141897053890034,-0.06787520293474181
2024-03-31,317.088,316.830131196975,316.792,1.000813902396375,0.08139023963749104,1.0009343670294706,0.09343670294705841,0.03813119697502998,0.012036666637738058
2024-04-30,317.978,317.422964736984,317.649,1.0017485668167578,0.1748566816757835,1.0010357344112526,0.10357344112525979,-0.2260352630160014,-0.07115881460857398
2024-05-31,318.629,317.982922895679,318.095,1.00203179811808,0.20317981180799638,1.0016787437715147,0.1678743771514668,-0.11207710432103113,-0.03523384659331885
2024-06-30,319.003,318.3641631258,318.39,1.0020066230694047,0.20066230694046894,1.0019253117246145,0.19253117246145202,-0.025836874199967497,-0.008114851031748582
2024-07-31,319.214,318.927528141211,318.94,1.0008982349703666,0.08982349703665626,1.0008590957546875,0.08590957546874556,-0.012471858789012913,-0.003910409101715029
2024-08-31,320.017,319.73939914521,319.75,1.0008682097218302,0.08682097218302154,1.000835027365129,0.08350273651289708,-0.01060085479002737,-0.0033153572447264246
2024-09-30,321.109,320.867001503439,320.732,1.0007542018824844,0.07542018824844288,1.0011754361897158,0.11754361897158283,0.13500150343895712,0.04209168509501371
2024-10-31,321.758,321.900562660424,321.731,0.9995571220527054,-0.04428779472945843,1.0000839210396262,0.008392103962617803,0.16956266042399193,0.05270323979473801
2024-11-30,321.947,322.809617565459,322.657,0.9973277823258035,-0.2672217674196453,0.9977995208534141,-0.2200479146585943,0.15261756545902472,0.04730024932328991
2024-12-31,322.007,323.486908199607,323.259,0.9954251372711077,-0.4574862728892293,0.9961269446480995,-0.3873055351900523,0.22790819960698627,0.07050328052953247
2025-01-31,323.842,324.430111831465,324.638,0.9981872464669046,-0.18127535330954014,0.9975480381224626,-0.24519618775373786,-0.20788816853496428,-0.06403691759281349
2025-02-28,325.252,325.153687845774,325.465,1.0003023559562783,0.030235595627825518,0.999345551749036,-0.0654448250963946,-0.31131215422595915,-0.09565149992347699
2025-03-31,325.933,325.593785227348,325.69,1.0010418342979586,0.1041834297958566,1.0007461082624582,0.07461082624582449,-0.09621477265199019,-0.02954182586262233
2025-04-30,326.815,326.168450725041,326.467,1.001982255713334,0.19822557133339913,1.001065957661877,0.10659576618770039,-0.29854927495898664,-0.09144853077308612
2025-05-31,327.509,326.848461050134,326.893,1.0020209333332755,0.20209333332754653,1.0018844086597145,0.18844086597145093,-0.044538949865966515,-0.013624932276301571
2025-06-30,328.364,327.759997091307,327.658,1.001842820704336,0.18428207043359457,1.0021546856783596,0.21546856783596358,0.1019970913069983,0.031129131993412607
2025-07-31,328.98,328.743640826175,328.682,1.0007189771739189,0.07189771739188888,1.0009066514138285,0.09066514138285076,0.06164082617499389,0.018753940335947128
2025-08-31,329.97,329.730317771389,329.7,1.000726903823194,0.07269038231940694,1.0008189262966334,0.08189262966333821,0.030317771389036352,0.009195563054009703
2025-09-30,330.804,330.56590329951,330.418,1.000720269991894,0.0720269991894007,1.0011682172278749,0.1168217227874857,0.14790329951000558,0.04476248252516246
2025-11-30,330.425,330.583691173865,331.043,0.9995199667191642,-0.04800332808357899,0.9981331730319022,-0.18668269680978122,-0.45930882613498625,-0.13874597141005918
2025-12-31,330.506,331.394962955487,331.814,0.9973175121686854,-0.26824878313146394,0.9960580325121904,-0.39419674878096167,-0.4190370445130043,-0.1262867282613156
2026-01-31,331.95,333.463524460911,332.793,0.9954611993519896,-0.4538800648010377,0.9974668938349063,-0.25331061650937237,0.6705244609109968,0.2014839437461058
2026-02-28,333.242,333.807534612149,333.512,0.9983058063299677,-0.1694193670032318,0.9991904339274149,-0.08095660725850884,0.29553461214902654,0.08861288713719606
2026-03-31,334.391,334.282597928377,334.165,1.0003242827245415,0.032428272454154694,1.0006763126000628,0.0676312600062845,0.11759792837699479,0.03519157553215635
2026-04-30,335.803,335.410318313017,335.423,1.0011707501693985,0.11707501693984934,1.001132897863295,0.11328978632949571,-0.012681686983000873,-0.0037808042331666236
